Molecule ChEMBL ID,Molecular Weight,#RO5 Violations,AlogP,Smiles,pChEMBL Value
CHEMBL560558,451.51,0,2.58,COc1ccccc1Cn1c(Nc2ccc(S(N)(=O)=O)cc2)nc2cc(C(N)=O)ccc21,4.7
CHEMBL208226,348.49,0,4.86,Cc1ccc2c(c1C)CN(C(=O)N1CCCCC1)CC2c1ccccc1,4.89
CHEMBL204411,295.38,0,4.02,COC(=O)N1Cc2c(ccc(C)c2C)C(c2ccccc2)C1,4.84
CHEMBL204372,341.45,1,5.09,Cc1ccc2c(c1C)CN(C(=O)c1ccccc1)CC2c1ccccc1,4.79
CHEMBL205786,324.42,0,3.64,Cc1ccc2c(c1C)CN(C(=O)N(C)C)C[C@@H]2c1cccc(O)c1,6.98
CHEMBL1089393,299.8,0,4.97,Clc1ccc2c(c1)[C@H]1OCCC[C@H]1[C@H](c1ccccc1)N2,6.14
CHEMBL1084391,328.48,1,5.08,CC(C)(C)c1ccc2c(c1)[C@H]1OCCC[C@H]1[C@H](c1nccs1)N2,6.28
CHEMBL1084392,322.45,1,5.01,CC(C)(C)c1ccc2c(c1)[C@H]1OCCC[C@H]1[C@H](c1cccnc1)N2,5.96
CHEMBL1085895,463.5,0,4.39,O=C(NCCCO)NC[C@H]1CC[C@@H]2[C@H](O1)c1cc(C(F)(F)F)ccc1N[C@H]2c1ccccc1,7.96
CHEMBL206115,370.4,0,3.37,N[C@H](C(=O)N1CC(c2cc(F)ccc2F)=C[C@H]1c1cccc(O)c1)C1CC1,9.3
CHEMBL377073,365.26,0,4.33,CN(C)C(=O)N1Cc2c(ccc(Cl)c2Cl)C(c2cccc(O)c2)C1,5.9
CHEMBL3680849,529.6,2,5.06,C[C@H](O)C(=O)N(C[C@@H]1CNC[C@@H]1F)[C@@H](c1nc(-c2cc(F)ccc2F)oc1Cc1ccccc1)C(C)(C)C,8.14
CHEMBL377566,386.45,0,3.69,CN(C)C(=O)N1N=C(c2cc(F)ccc2F)C[C@@]1(CCCN)c1ccccc1,8.7
CHEMBL240704,429.49,0,4.64,CC(=O)N1N=C(c2cc(F)ccc2F)C[C@@]1(CCCN1CC[C@H](F)C1)c1ccccc1,9
CHEMBL1818753,425.53,0,4.24,CN1CCN(c2ccc3[nH]c(-c4ccc(O)cc4)c(Cc4ccccc4)c(=O)c3c2)CC1,5.83
CHEMBL1818758,412.49,0,4.33,O=c1c(Cc2ccccc2)c(-c2cccc(O)c2)[nH]c2ccc(N3CCOCC3)cc12,7.64
CHEMBL1818759,337.42,0,3.8,CC1Nc2ccc(N3CCCCC3)cc2C(=O)N1c1cccc(O)c1,5
CHEMBL1818766,397.52,1,5.32,O=C1c2cc(N3CCCCC3)ccc2NC(Cc2ccccc2)N1c1ccccc1,7.04
CHEMBL1818767,413.52,1,5.02,O=C1c2cc(N3CCCCC3)ccc2NC(Cc2ccccc2)N1c1cccc(O)c1,7.48
CHEMBL1164552,595.97,2,6.41,CCC(c1nc2cc(Cl)ccc2c(=O)n1Cc1ccccc1)N(CCCN(C)C)C(=O)c1ccc(Br)cc1,7.28
CHEMBL382406,373.4,0,3.38,CCNC(=O)N1N=C(c2cc(F)ccc2F)CC1(CCO)c1ccccc1,6.22
CHEMBL193686,315.32,0,3.46,CNC(=O)N1N=C(c2cc(F)ccc2F)CC1c1ccccc1,5.5
CHEMBL3087430,809.32,3,9.66,O=C1CC(c2ccc(Oc3c([N+](=O)[O-])cc(C(F)(F)F)c(Cl)c3[N+](=O)[O-])cc2)Oc2cc(Oc3c([N+](=O)[O-])cc(C(F)(F)F)c(Cl)c3[N+](=O)[O-])cc(O)c21,7.28
CHEMBL3087428,807.31,3,9.73,O=c1c(-c2ccc(Oc3c([N+](=O)[O-])cc(C(F)(F)F)c(Cl)c3[N+](=O)[O-])cc2)coc2cc(Oc3c([N+](=O)[O-])cc(C(F)(F)F)c(Cl)c3[N+](=O)[O-])cc(O)c12,7.2
CHEMBL3087418,738.42,3,8.42,O=c1cc(-c2ccc(Oc3c([N+](=O)[O-])cc([N+](=O)[O-])cc3C(F)(F)F)cc2)oc2cc(Oc3c([N+](=O)[O-])cc([N+](=O)[O-])cc3C(F)(F)F)cc(O)c12,7.57
CHEMBL232259,467.48,1,5.17,CN(C)C(=O)N1CC(c2cc(F)ccc2F)=C[C@@]1(CCCNCC(F)(F)F)c1ccccc1,6.96
CHEMBL240689,394.5,0,0.29,CC1=C(C(=O)NCCOCCOCCN)C(c2cccc(O)c2)NC(=S)N1,4.74
CHEMBL228369,362.52,0,4.42,CCN(CC)C(=O)c1c(NC(=O)c2cccs2)sc2c1CCCC2,5.77
CHEMBL382790,412.48,0,4.22,NCCCC1(c2ccccc2)CC(c2cc(F)ccc2F)=NN1C(=O)N1CCCC1,7.58
CHEMBL210264,398.46,0,3.83,NCCCC1(c2ccccc2)CC(c2cc(F)ccc2F)=NN1C(=O)N1CCC1,7.26
CHEMBL207992,400.47,0,4.13,CCNC(=O)N1N=C(c2cc(F)ccc2F)CC1(CCCCN)c1ccccc1,7.17
CHEMBL207261,372.42,0,3.35,CCNC(=O)N1N=C(c2cc(F)ccc2F)CC1(CCN)c1ccccc1,6.41
CHEMBL232460,431.5,0,4.58,CN(C)C(=O)N1CC(c2cc(F)ccc2F)=C[C@@]1(CCCNCCF)c1ccccc1,7.99
CHEMBL1599833,327.41,0,3.01,CC(=O)NC1=NN(C(C)=O)C(C)(c2ccc3ccccc3c2)S1,4.81
CHEMBL388099,391.56,0,3.57,CN(C)CCN(C)C(=O)c1c(NC(=O)c2cccs2)sc2c1CCCC2,5.07
CHEMBL228800,377.54,0,3.23,CN(C)CCNC(=O)c1c(NC(=O)c2cccs2)sc2c1CCCC2,4.57
CHEMBL1165017,351.41,0,1.59,O=C(NCCO)C1Cc2c([nH]c3ccccc23)C(c2cccc(O)c2)N1,6.54
CHEMBL4238439,528.66,2,5.56,CC(=O)N1N=C(NC2=NC(=O)/C(=C/c3ccc(OCc4ccccc4)cc3)S2)SC1(C)c1ccccc1,4.76
CHEMBL1089050,293.41,0,4.88,CCc1ccc2c(c1)[C@H]1OCCC[C@H]1[C@H](c1ccccc1)N2,6.89
CHEMBL1164477,429.35,0,4.13,Cl.NCCC(=O)N1CCc2c([nH]c3ccc(Cl)cc23)C1c1c[nH]c2ccccc12,7.37
CHEMBL1163528,350.42,0,1.55,NCCNC(=O)C1Cc2c([nH]c3ccccc23)C(c2cccc(O)c2)N1,7.19
CHEMBL203681,350.46,0,3.7,Cc1ccc2c(c1C)CN(C(=O)N1CCOCC1)CC2c1ccccc1,4.65
CHEMBL204278,279.43,0,4.66,Cc1ccc2c(c1C)CN(C(C)C)CC2c1ccccc1,4.96
CHEMBL207973,265.4,0,4.27,CCN1Cc2c(ccc(C)c2C)C(c2ccccc2)C1,4.6
CHEMBL210741,428.48,0,3.46,NCCCC1(c2ccccc2)CC(c2cc(F)ccc2F)=NN1C(=O)N1CCOCC1,6.91
CHEMBL232728,377.51,0,4.21,COC(=O)[C@@H](N)CSC(c1ccccc1)(c1ccccc1)c1ccccc1,5.24
CHEMBL396414,585.73,2,7.7,O=C(N[C@@H](CSC(c1ccccc1)(c1ccccc1)c1ccccc1)C(=O)O)OCC1c2ccccc2-c2ccccc21,4.26
CHEMBL375928,390.57,1,5.06,CCC1CCc2sc(NC(=O)c3cccs3)c(C(=O)N(CC)CC)c2C1,5.13
CHEMBL191406,300.31,0,3.66,CC(=O)N1N=C(c2c(F)cccc2F)CC1c1ccccc1,4.96
CHEMBL206289,342.39,0,4.69,CC(C)(C)C(=O)N1N=C(c2cc(F)ccc2F)CC1c1ccccc1,6.95
CHEMBL377596,371.38,0,3.41,O=C([C@@H](O)C1CC1)N1CC(c2cc(F)ccc2F)=C[C@H]1c1cccc(O)c1,8.54
CHEMBL1829269,496.68,0,4.34,CCC(c1nc2ccsc2c(=O)n1Cc1ccccc1)N(CCCN)C(=O)C1CCC(OC)CC1,5.05
CHEMBL204408,370.44,0,4.31,CC(C)(C)[C@H](N)C(=O)N1CC(c2cc(F)ccc2F)=C[C@H]1c1ccccc1,8.57
CHEMBL429553,411.93,0,4.15,CC(=O)C1=NN2c3cc(Cl)ccc3OC[C@H]2[C@@]1(CCCN(C)C)c1ccccc1,9
CHEMBL228424,377.54,0,4.13,CCN(CC)C(=O)c1c(NC(=O)c2scnc2C)sc2c1CCCC2,4.77
CHEMBL414860,341.4,0,4.98,CC(C)(C)C(=O)N1CC(c2cc(F)ccc2F)=CC1c1ccccc1,7.07
CHEMBL1688922,405.56,1,5.08,CCCc1ccc(C(SC[C@H](N)C(=O)O)(c2ccccc2)c2ccccc2)cc1,7.07
CHEMBL389588,344.31,0,3.14,NC(=O)Nc1ccc(-c2ccc(S(=O)(=O)C(F)(F)F)cc2)cc1,7.24
CHEMBL1818675,349.43,0,2.96,Cc1c(-c2cccc(O)c2)[nH]c2ccc(N3CCN(C)CC3)cc2c1=O,6.48
CHEMBL1173704,235.21,0,4.34,FC(F)(F)c1ccc2c(c1)[nH]c1ccccc12,6.68
CHEMBL1802988,236.2,0,3.73,FC(F)(F)c1ccc2c(c1)[nH]c1cccnc12,6.48
CHEMBL1802990,304.27,0,4.22,O=C1CCc2cc3c(cc2N1)[nH]c1cc(C(F)(F)F)ccc13,7.51
CHEMBL1803017,293.25,0,3.83,NC(=O)Nc1ccc2c(c1)[nH]c1cc(C(F)(F)F)ccc12,7.07
CHEMBL1803022,274.24,0,4.82,FC(F)(F)c1ccc2c(c1)[nH]c1cc3[nH]ccc3cc12,6.77
CHEMBL213184,504.03,1,4.45,Cc1ccc(C(=O)N(CCCN)C(c2nn3c(Cl)ccc3c(=O)n2Cc2ccccc2)C2CC2)cc1,7.22
CHEMBL250743,368.41,0,3.06,CC(=O)C1=NN2c3cc(F)ccc3OC[C@H]2[C@@]1(CCCO)c1ccccc1,8.28
CHEMBL250126,495.02,0,3.75,CC(=O)C1=NN2c3cc(Cl)ccc3OC[C@H]2[C@@]1(CCCN1CCN(C(C)=O)CC1)c1ccccc1,9
CHEMBL249882,468.55,0,3.61,CC(=O)C1=NN(c2cc(F)ccc2F)C[C@@]1(CCCN1CCN(C(C)=O)CC1)c1ccccc1,8.52
CHEMBL609588,369.85,0,3.35,NCCC(=O)N1CCc2c([nH]c3ccc(Cl)cc23)C1c1cccc(O)c1,7.41
CHEMBL561294,512.02,1,4.44,NC(=O)c1ccc2c(c1)nc(Nc1ccc(S(N)(=O)=O)cc1)n2Cc1csc2ccc(Cl)cc12,4.72
CHEMBL558477,504.49,1,4.28,COC(=O)c1ccc2c(c1)nc(Nc1ccc(S(N)(=O)=O)cc1)n2Cc1ccccc1C(F)(F)F,5.66
CHEMBL395034,435.47,0,4.61,CN(C)C(=O)N1CC(c2cc(F)ccc2F)=C[C@@]1(CC[C@H](N)C(F)F)c1ccccc1,6.91
CHEMBL196985,329.35,0,3.8,CN(C)C(=O)N1N=C(c2cc(F)ccc2F)CC1c1ccccc1,7.08
CHEMBL380814,298.77,0,4.04,CC(=O)N1N=C(c2cccc(Cl)c2)CC1c1ccccc1,5.01
CHEMBL252340,389.46,0,3.95,CCCCN1C(=O)[C@@H]2Cc3c([nH]c4ccccc34)[C@@H](c3cccc(O)c3)N2C1=O,6.1
CHEMBL364452,314.77,0,3.74,CC(=O)N1N=C(c2ccccc2Cl)CC1c1cccc(O)c1,6.35
CHEMBL370246,357.84,0,3.46,NCCCC(=O)N1N=C(c2ccccc2Cl)CC1c1cccc(O)c1,5.22
CHEMBL1084143,485.69,0,4.68,CC(C)c1ccc2c(c1)[C@H]1O[C@@H](CNS(=O)(=O)CCCN(C)C)CC[C@H]1[C@H](c1ccccc1)N2,8.7
CHEMBL1085692,504.44,2,5.05,CN(C)CCCC(=O)NC[C@H]1CC[C@@H]2[C@H](O1)c1cc(Br)cc(F)c1N[C@H]2c1ccccc1,8.3
CHEMBL1096003,482.02,0,3.96,CN(C)CCS(=O)(=O)NC[C@H]1CC[C@@H]2[C@H](O1)c1cc(Cl)cc(F)c1N[C@H]2c1ccccc1,8.7
CHEMBL1173162,249.24,0,4.35,Cn1c2ccccc2c2ccc(C(F)(F)F)cc21,5.25
CHEMBL195760,298.77,0,4.04,CC(=O)N1N=C(c2ccccc2Cl)CC1c1ccccc1,5.44
CHEMBL1165639,391.9,1,5.43,CC(C)C(=O)N1CCc2c([nH]c3ccc(Cl)cc23)C1c1c[nH]c2ccccc12,5.77
CHEMBL1164552,595.97,2,6.41,CCC(c1nc2cc(Cl)ccc2c(=O)n1Cc1ccccc1)N(CCCN(C)C)C(=O)c1ccc(Br)cc1,7.31
CHEMBL1163891,340.85,0,4.88,CCCN1CCc2c([nH]c3ccc(Cl)cc23)C1c1cccc(O)c1,6.77
CHEMBL196985,329.35,0,3.8,CN(C)C(=O)N1N=C(c2cc(F)ccc2F)CC1c1ccccc1,7.08
CHEMBL365108,300.31,0,3.66,CC(=O)N1N=C(c2cc(F)ccc2F)CC1c1ccccc1,7.03
CHEMBL1277474,420.94,1,5.58,CC1=C(C(=O)Nc2ccc(Cl)cc2)C(c2ccccc2)C2=C(CC(C)(C)CC2=O)N1,6.75
CHEMBL1278096,360.42,0,3.89,COc1ccc(NC(=O)C2=C(C)Nc3n[nH]cc3C2c2ccccc2)cc1,5.55
CHEMBL1098693,355.91,1,6.27,CC(C)(C)c1ccc2c(c1)[C@H]1OCCC[C@H]1C(c1cccc(Cl)c1)N2,5
CHEMBL1083521,304.39,0,4.39,N#CCc1ccc2c(c1)[C@H]1OCCC[C@H]1[C@H](c1ccccc1)N2,6.3
CHEMBL1084115,327.49,1,5.68,CC(C)(C)c1ccc2c(c1)[C@H]1OCCC[C@H]1[C@H](c1ccsc1)N2,6.92
CHEMBL3680852,517.59,2,5.19,C[C@H](O)C(=O)N(CC[C@H](N)CF)[C@H](c1nc(-c2cc(F)ccc2F)oc1Cc1ccccc1)C(C)(C)C,6.2
CHEMBL381599,280.42,0,3.21,Cc1ccc2c(c1C)CN(CCN)CC2c1ccccc1,5.64
CHEMBL438073,324.42,0,3.58,CCc1cccc2c1CN(C(=O)N(C)C)CC2c1cccc(O)c1,6.46
CHEMBL205441,326.4,0,3.03,COc1ccc2c(c1)CN(C(=O)N(C)C)CC2c1cccc(O)c1,6.21
CHEMBL427386,310.4,0,3.33,Cc1ccc2c(c1)CN(C(=O)N(C)C)CC2c1cccc(O)c1,6.22
CHEMBL382364,422.27,0,3.63,CN(C)C(=O)N1Cc2cc(I)ccc2C(c2cccc(O)c2)C1,6.5
CHEMBL1829442,417.53,0,4.7,CCC(NC(=O)c1ccc(C)cc1)c1nc2ccsc2c(=O)n1Cc1ccccc1,5.05
CHEMBL595399,335.41,0,2.61,Cc1ccc2[nH]c3c(c2c1)CCN(C(=O)CN)C3c1cccc(O)c1,7.31
CHEMBL4239372,478.6,0,4.55,COc1ccc(/C=C/C=C2\SC(NC3=NN(C(C)=O)C(C)(c4ccccc4)S3)=NC2=O)cc1,4.05
CHEMBL4251458,456.98,0,4.64,CC(=O)N1N=C(NC2=NC(=O)/C(=C/c3cccc(Cl)c3)S2)SC1(C)c1ccccc1,4.32
CHEMBL381985,426.51,0,4.61,NCCCC1(c2ccccc2)CC(c2cc(F)ccc2F)=NN1C(=O)N1CCCCC1,7.07
CHEMBL208864,494.55,0,4.32,CCNC(=O)N1N=C(c2cc(F)ccc2F)CC1(CCCCNC(=O)c1c[nH]cn1)c1ccccc1,6.16
CHEMBL383402,401.46,0,4.16,CCNC(=O)N1N=C(c2cc(F)ccc2F)CC1(CCCCO)c1ccccc1,6.16
CHEMBL250125,478.57,0,3.23,CC(=O)C1=NN2c3cc(F)ccc3OC[C@H]2[C@@]1(CCCN1CCN(C(C)=O)CC1)c1ccccc1,8.8
CHEMBL398478,437.52,0,3.4,CC(=O)C1=NN2c3cc(F)ccc3OC[C@H]2[C@@]1(CCCN1CCOCC1)c1ccccc1,9.4
CHEMBL535161,528.48,0,4.45,CCC(c1nn2ccc(Cl)c2c(=O)n1Cc1ccccc1)N(CCCN)C(=O)c1ccc(C)cc1.Cl,7.16
CHEMBL250127,367.42,0,3.03,CC(=O)C1=NN2c3cc(F)ccc3OC[C@H]2[C@@]1(CCCN)c1ccccc1,9.3
CHEMBL251103,310.33,0,3.14,CC(=O)C1=NN2c3cc(F)ccc3OC[C@H]2[C@H]1c1ccccc1,6.81
CHEMBL254433,437.62,1,5.1,CC(C)(O)C1C[C@@H](O)[C@]2(C)[C@H](CC[C@@]3(C)[C@H]2CC[C@H]2Cc4c([nH]c5ccccc45)[C@@]23C)O1,4.82
CHEMBL205786,324.42,0,3.64,Cc1ccc2c(c1C)CN(C(=O)N(C)C)C[C@@H]2c1cccc(O)c1,6.98
CHEMBL365553,336.36,0,3.08,CS(=O)(=O)N1N=C(c2cc(F)ccc2F)CC1c1ccccc1,5.75
CHEMBL443196,270.22,0,4,OCc1ccc(-c2ccc(C(F)(F)F)c(F)c2)cc1,5.44
CHEMBL470767,335.28,0,2.52,NS(=O)(=O)Nc1ccc(-c2ccc(C(F)(F)F)c(F)c2)cn1,7.4
CHEMBL206249,413.47,0,3.91,CN(C(=O)N1CC(c2cc(F)ccc2F)=CC1c1cccc(O)c1)C1CCNCC1,8.26
CHEMBL206798,374.39,0,3.15,CN(CCO)C(=O)N1CC(c2cc(F)ccc2F)=C[C@H]1c1cccc(O)c1,8.4
CHEMBL207601,342.87,0,4.59,Cc1ccc2c(c1C)CN(C(=O)N(C)C)CC2c1cccc(Cl)c1,5.46
CHEMBL213686,492.02,0,4.45,CCC(c1nn2c(Cl)ccc2c(=O)n1Cc1ccccc1)N(CCCN)C(=O)c1ccc(C)cc1,7.22
CHEMBL1077337,317.79,1,5.11,Fc1c(Cl)ccc2c1N[C@@H](c1ccccc1)[C@@H]1CCCO[C@H]21,6.27
CHEMBL1164373,343.43,0,4.45,CC(=O)N1CCc2c([nH]c3ccc(C)cc23)C1c1c[nH]c2ccccc12,7.29
CHEMBL1163628,371.91,0,3.48,Cc1ccc2[nH]c3c(c2c1)CCN(CCCN)C3c1cccc(O)c1.Cl,7.08
CHEMBL228748,376.5,0,3.41,O=C(Nc1sc2c(c1C(=O)N1CCOCC1)CCCC2)c1cccs1,5.37
CHEMBL1829261,514.7,2,5.41,CCC(c1nc2ccsc2c(=O)n1Cc1ccccc1)N(CC1CCNCC1)C(=O)c1ccc(C)cc1,5.84
CHEMBL1829262,516.67,1,4.93,CCC(c1nc2ccsc2c(=O)n1Cc1ccccc1)N(CCCNC(C)=O)C(=O)c1ccc(C)cc1,5.54
CHEMBL438800,375.27,0,3.78,CN(C)C(=O)N1Cc2cc(Br)ccc2C(c2cccc(O)c2)C1,6.09
CHEMBL380814,298.77,0,4.04,CC(=O)N1N=C(c2cccc(Cl)c2)CC1c1ccccc1,5.01
CHEMBL392695,363.48,0,4.12,N[C@@H](CSC(c1ccccc1)(c1ccccc1)c1ccccc1)C(=O)O,6
CHEMBL1172905,249.24,0,4.65,Cc1ccc2[nH]c3ccc(C(F)(F)F)cc3c2c1,5.06
CHEMBL1802986,236.2,0,3.73,FC(F)(F)c1ccc2c(c1)[nH]c1cnccc12,7.28
CHEMBL3288963,250.22,0,3.92,Nc1ccc2c(c1)[nH]c1cc(C(F)(F)F)ccc12,6.57
CHEMBL3288965,280.2,0,4.25,O=[N+]([O-])c1ccc2[nH]c3cc(C(F)(F)F)ccc3c2c1,7.37
CHEMBL3289003,324.33,0,4.49,O=C1CSc2cc(Nc3cccc(C(F)(F)F)c3)ccc2N1,7.29
CHEMBL395332,385.46,0,3.98,CN(C)C(=O)N1CC(c2cc(F)ccc2F)=C[C@@]1(CCCN)c1ccccc1,8.66
CHEMBL240690,274.35,0,1.92,O=C1CCCC2=C1C(c1cccc(O)c1)NC(=S)N2,5.7
CHEMBL240689,394.5,0,0.29,CC1=C(C(=O)NCCOCCOCCN)C(c2cccc(O)c2)NC(=S)N1,4.66
CHEMBL397171,291.38,0,1.32,CCNC(=O)C1=C(C)NC(=S)NC1c1cccc(O)c1,4.08
CHEMBL391848,376.43,0,2.23,CCOC(=O)C1=C(C)NC(=S)N(C(C)=O)C1c1cccc(OC(C)=O)c1,5.3
CHEMBL1173167,281.36,0,4.41,COC(=O)c1ccc2[nH]c3cc(C(C)(C)C)ccc3c2c1,6.41
CHEMBL1173621,221.3,0,4.2,c1ccc2c(c1)[nH]c1c3c(ccc12)CCCC3,5.8
CHEMBL1173622,217.27,0,4.47,c1ccc2c(c1)ccc1c3ccccc3[nH]c21,5.34
CHEMBL232133,431.48,1,5.14,N[C@@H](CSC(c1ccccc1)(c1ccccc1)c1ccc(C(F)(F)F)cc1)C(=O)O,6.66
CHEMBL392369,393.51,0,4.13,COc1ccc(C(SC[C@H](N)C(=O)O)(c2ccccc2)c2ccccc2)cc1,7.54
CHEMBL408072,319.47,0,4.67,NCCSC(c1ccccc1)(c1ccccc1)c1ccccc1,6.4
CHEMBL1829421,504.61,1,4.18,CCC(c1nc2ccsc2c(=O)n1Cc1ccccc1)N(CCCN)C(=O)c1ccc2c(c1)OCO2,6.82
CHEMBL1829411,485.61,0,4.32,CCC(c1nc2ccsc2c(=O)n1Cc1ccccc1)N(CCCN)C(=O)c1ccc(C#N)cc1,5.57
CHEMBL1829253,475.62,0,4.15,CCC(c1nc2ccsc2c(=O)n1Cc1ccccn1)N(CCCN)C(=O)c1ccc(C)cc1,5.46
CHEMBL382165,355.38,0,3.7,O=C([C@@H](O)C1CC1)N1CC(c2cc(F)ccc2F)=C[C@H]1c1ccccc1,7.96
CHEMBL438800,375.27,0,3.78,CN(C)C(=O)N1Cc2cc(Br)ccc2C(c2cccc(O)c2)C1,6.09
CHEMBL1165475,406.36,0,4.21,Cl.NCCCCN1CCc2c([nH]c3ccc(Cl)cc23)C1c1cccc(O)c1,6.46
CHEMBL1163629,385.94,0,3.87,Cc1ccc2[nH]c3c(c2c1)CCN(CCCCN)C3c1cccc(O)c1.Cl,6.34
CHEMBL1163527,406.31,0,3.35,Cl.NCCC(=O)N1CCc2c([nH]c3c(Cl)cccc23)C1c1cccc(O)c1,7.4
CHEMBL1164859,406.48,0,4.08,CCCC(=O)N1C(C(=O)OCC)Cc2c([nH]c3ccccc23)C1c1cccc(O)c1,6.65
CHEMBL392695,363.48,0,4.12,N[C@@H](CSC(c1ccccc1)(c1ccccc1)c1ccccc1)C(=O)O,6.73
CHEMBL213736,526.47,2,5.1,CCC(c1nn2c(Cl)cc(Cl)c2c(=O)n1Cc1ccccc1)N(CCCN)C(=O)c1ccc(C)cc1,6.54
CHEMBL380186,518.02,1,3.98,Cc1ccc(C(=O)N(CCC(N)=O)C(c2nn3c(Cl)ccc3c(=O)n2Cc2ccccc2)C2CC2)cc1,6.01
CHEMBL4241043,467.53,0,3.89,CC(=O)N1N=C(NC2=NC(=O)/C(=C/c3cccc([N+](=O)[O-])c3)S2)SC1(C)c1ccccc1,4.56
CHEMBL2105661,511.71,1,2.42,CCNCCS(=O)(=O)NC[C@@]1(c2ccccc2)SC(NC(=O)C(C)(C)C)=NN1C(=O)C(C)(C)C,7.58
CHEMBL2347656,340.38,0,1.94,NCCC(=O)N1CCc2cc3c(cc2C1c1cccc(O)c1)OCO3,7.7
CHEMBL370875,343.22,0,4.15,CC(=O)N1N=C(c2ccccc2Br)CC1c1ccccc1,4.63
CHEMBL203181,299.32,0,3.95,CC(=O)N1CC(c2cc(F)ccc2F)=CC1c1ccccc1,5.4
CHEMBL400041,447.48,0,4.94,CC(=O)N1N=C(c2cc(F)ccc2F)C[C@@]1(CCCN1CCC(F)(F)C1)c1ccccc1,8.4
CHEMBL1089058,391.4,1,6.98,FS(F)(F)(F)(F)c1ccc2c(c1)[C@H]1OCCC[C@H]1[C@H](c1ccccc1)N2,6.04
CHEMBL1098378,339.45,1,5.76,CC(C)(C)c1ccc2c(c1)[C@H]1OCCC[C@H]1C(c1cccc(F)c1)N2,6.06
CHEMBL195232,316.31,0,3.37,CC(=O)N1N=C(c2cc(F)ccc2F)C[C@H]1c1cccc(O)c1,7.58
CHEMBL1803019,290.24,0,3.83,O=C1Cc2cc3c(cc2N1)[nH]c1cc(C(F)(F)F)ccc13,7.43
CHEMBL1164552,595.97,2,6.41,CCC(c1nc2cc(Cl)ccc2c(=O)n1Cc1ccccc1)N(CCCN(C)C)C(=O)c1ccc(Br)cc1,7.54
CHEMBL1277198,372.79,0,4.27,CC1=C(C(=O)Nc2ccc(F)c(Cl)c2)C(c2ccco2)c2c[nH]nc2N1,6.4
CHEMBL1277199,338.34,0,3.61,CC1=C(C(=O)Nc2ccc(F)cc2)C(c2ccco2)c2c[nH]nc2N1,4.99
CHEMBL1173069,223.28,0,3.83,CC(=O)c1ccc2[nH]c3cc(C)ccc3c2c1,5.8
CHEMBL1170460,209.29,0,4.44,CC(C)c1ccc2c(c1)[nH]c1ccccc12,5.82
CHEMBL427688,411.5,0,4.69,CC(=O)N1N=C(c2cc(F)ccc2F)C[C@@]1(CCCN1CCCC1)c1ccccc1,8.89
CHEMBL395034,435.47,0,4.61,CN(C)C(=O)N1CC(c2cc(F)ccc2F)=C[C@@]1(CC[C@H](N)C(F)F)c1ccccc1,7.62
CHEMBL1277110,365.35,0,3.38,CC1=C(C(=O)Nc2ccc([N+](=O)[O-])cc2)C(c2ccco2)c2c[nH]nc2N1,5.56
CHEMBL1172394,225.25,0,3.11,COC(=O)c1ccc2c(c1)[nH]c1ccccc12,4.96
CHEMBL395332,385.46,0,3.98,CN(C)C(=O)N1CC(c2cc(F)ccc2F)=C[C@@]1(CCCN)c1ccccc1,8.66
CHEMBL398396,437.53,1,5.08,CC(=O)N1N=C(c2cc(F)ccc2F)C[C@@]1(CCCN1CC2CCC1C2)c1ccccc1,9
CHEMBL1170659,249.24,0,4.65,Cc1ccc2c(c1)[nH]c1ccc(C(F)(F)F)cc12,4.96
CHEMBL1170444,235.21,0,4.34,FC(F)(F)c1ccc2[nH]c3ccccc3c2c1,6.02
CHEMBL1173703,223.32,0,4.62,CC(C)(C)c1ccc2c(c1)[nH]c1ccccc12,6.52
CHEMBL1172393,223.32,0,4.62,CC(C)(C)c1cccc2c1[nH]c1ccccc12,4.85
CHEMBL3288988,322.29,0,4.21,O=C1CCc2cc(Nc3cccc(OC(F)(F)F)c3)ccc2N1,5.92
CHEMBL3288982,280.37,0,4.44,CC(C)c1cccc(Nc2ccc3c(c2)CCC(=O)N3)c1,6.37
CHEMBL2043419,361.55,1,5.48,Cc1ccc(C(Cc2ccccc2)(SCCN)c2ccc(C)cc2)cc1,6.58
CHEMBL1802986,236.2,0,3.73,FC(F)(F)c1ccc2c(c1)[nH]c1cnccc12,7.28
CHEMBL595526,405.91,0,2.76,NCCS(=O)(=O)N1CCc2c([nH]c3ccc(Cl)cc23)C1c1cccc(O)c1,6.73
CHEMBL590124,363.46,0,3.26,CCc1ccc2[nH]c3c(c2c1)CCN(C(=O)CCN)C3c1cccc(O)c1,7.96
CHEMBL3645242,598.71,2,5.45,C[C@@H]1CN(C(=O)N(C[C@@H]2CNC[C@@H]2F)[C@@H](c2nc(-c3cc(F)ccc3F)nn2Cc2ccccc2)C(C)(C)C)C[C@H](C)O1,9.08
CHEMBL3645243,616.7,2,5.59,C[C@@H]1CN(C(=O)N(C[C@@H]2CNC[C@@H]2F)[C@@H](c2nc(-c3cc(F)ccc3F)nn2Cc2cccc(F)c2)C(C)(C)C)C[C@H](C)O1,9.13
CHEMBL244510,327.13,0,3.88,NC(=O)Nc1ccc(-c2ccc(Br)c(F)c2)cc1F,6.58
CHEMBL244125,226.28,0,3.15,Cc1ccc(-c2ccc(NC(N)=O)cc2)cc1,5.86
CHEMBL398232,334.29,0,3.13,NS(=O)(=O)Nc1ccc(-c2ccc(C(F)(F)F)cc2)c(F)c1,6.16
CHEMBL243649,350.75,0,3.64,NS(=O)(=O)Nc1ccc(-c2ccc(C(F)(F)F)cc2)cc1Cl,7.17
CHEMBL244077,344.36,0,3.59,CN(C)S(=O)(=O)Nc1ccc(-c2ccc(C(F)(F)F)cc2)cc1,5.75
CHEMBL243640,251.25,0,4.41,CNc1ccc(-c2ccc(C(F)(F)F)cc2)cc1,5.43
CHEMBL429816,315.32,0,3.74,CS(=O)(=O)Nc1cccc(-c2ccc(C(F)(F)F)cc2)c1,5.22
CHEMBL1818676,349.43,0,2.96,Cc1c(-c2ccc(O)cc2)[nH]c2ccc(N3CCN(C)CC3)cc2c1=O,5.93
CHEMBL1818677,318.42,0,4.49,Cc1c(-c2ccccc2)[nH]c2ccc(N3CCCCC3)cc2c1=O,6.44
CHEMBL1818752,425.53,0,4.24,CN1CCN(c2ccc3[nH]c(-c4cccc(O)c4)c(Cc4ccccc4)c(=O)c3c2)CC1,5.88
CHEMBL3633535,417.53,0,4.62,COc1ccc(C2(SC[C@H](N)C(=O)O)c3ccccc3C=Cc3ccccc32)cc1,8.07
CHEMBL4159757,479.97,0,3.92,CC(=O)Nc1ncnc(N2CCCC(NC(=O)COc3cccc(Cl)c3)C2)c1-c1ccccc1,5.04
CHEMBL196985,329.35,0,3.8,CN(C)C(=O)N1N=C(c2cc(F)ccc2F)CC1c1ccccc1,7.08
CHEMBL243883,280.25,0,3.86,NC(=O)Nc1ccc(-c2ccc(C(F)(F)F)cc2)cc1,6.85
CHEMBL2031571,479.63,0,4.64,COc1ccc(NC(=O)CC2C(=O)N(c3ccccc3)C(=S)N2CCc2sccc2C)cc1,5.62
CHEMBL206115,370.4,0,3.37,N[C@H](C(=O)N1CC(c2cc(F)ccc2F)=C[C@H]1c1cccc(O)c1)C1CC1,9.3
CHEMBL1829422,458.56,0,4.29,CCC(c1nc2ccoc2c(=O)n1Cc1ccccc1)N(CCCN)C(=O)c1ccc(C)cc1,7.89
CHEMBL1829248,492.62,0,4.9,CCC(c1nc2ccsc2c(=O)n1Cc1cccc(F)c1)N(CCCN)C(=O)c1ccc(C)cc1,7.7
CHEMBL1829423,471.61,0,4.03,CCC(c1nc2ccn(C)c2c(=O)n1Cc1ccccc1)N(CCCN)C(=O)c1ccc(C)cc1,7.68
CHEMBL3319303,440.59,0,2.2,CCC(=O)N1N=C(NC(=O)C(C)(C)C)SC1(CCNS(C)(=O)=O)c1ccccc1,7.19
CHEMBL3288964,292.26,0,4.3,CC(=O)Nc1ccc2c(c1)[nH]c1cc(C(F)(F)F)ccc12,7.07
CHEMBL3288999,292.26,0,3.94,O=C1Cc2cc(Nc3cccc(C(F)(F)F)c3)ccc2N1,5.44
CHEMBL236789,292.36,0,1.75,CCOC(=O)C1=C(C)NC(=S)NC1c1cccc(O)c1,4.85
CHEMBL228814,517.07,2,5.59,Cc1ccc(C(=O)N(CCCN)[C@@H](c2nc3cc(Cl)ccc3c(=O)n2Cc2ccccc2)C(C)C)cc1,8.3
CHEMBL3087422,502.36,2,6.1,COc1ccc(-c2coc3cc(Oc4c([N+](=O)[O-])cc(C(F)(F)F)cc4[N+](=O)[O-])ccc3c2=O)cc1,6.78
CHEMBL1829254,475.62,0,4.15,CCC(c1nc2ccsc2c(=O)n1Cc1cccnc1)N(CCCN)C(=O)c1ccc(C)cc1,5.42
CHEMBL1829429,470.58,0,3.49,CCC(c1nc2nccnc2c(=O)n1Cc1ccccc1)N(CCCN)C(=O)c1ccc(C)cc1,5.26
CHEMBL471198,211.31,0,4.05,CC(C)(C)c1ccc(-c2ccncc2)cc1,6
CHEMBL472475,333.31,0,3.88,CS(=O)(=O)Nc1ccc(-c2ccc(C(F)(F)F)c(F)c2)cc1,5.56
CHEMBL538431,595.6,2,5.76,COc1ccccc1NC(=O)c1ccc2c(c1)nc(Nc1ccc(S(N)(=O)=O)cc1)n2Cc1ccccc1C(F)(F)F,5.62
CHEMBL3735259,291.38,0,2.25,CCC1(c2ccccc2)SC(NC(C)=O)=NN1C(C)=O,5.84
CHEMBL4288725,313.38,0,2.84,CC(=O)NC1=NN(C(C)=O)C(c2cccc3ccccc23)S1,4.27
CHEMBL4755438,527.66,1,4.83,CN(C)CCNC(=O)C(N)CSC1(c2ccc(C(F)(F)F)cc2)c2ccccc2CCc2ccccc21,7.25
CHEMBL1818756,410.52,1,5.48,O=c1c(Cc2ccccc2)c(-c2ccc(O)cc2)[nH]c2ccc(N3CCCCC3)cc12,7.38
CHEMBL1818761,323.4,0,2.94,CC1Nc2ccc(N3CCOCC3)cc2C(=O)N1c1ccccc1,6.79
CHEMBL1818764,323.4,0,3.41,CC1Nc2ccc(N3CCCC3)cc2C(=O)N1c1cccc(O)c1,6.77
CHEMBL1818770,415.49,0,3.87,O=C1c2cc(N3CCOCC3)ccc2NC(Cc2ccccc2)N1c1cccc(O)c1,5.53
CHEMBL590855,423.94,0,4.39,O=C(CC1CCNCC1)N1CCc2c([nH]c3ccc(Cl)cc23)C1c1cccc(O)c1,6.07
CHEMBL590123,349.43,0,3,Cc1ccc2[nH]c3c(c2c1)CCN(C(=O)CCN)C3c1cccc(O)c1,7.7
CHEMBL591330,359.9,0,4.18,NCCC(=O)N1CCc2c([nH]c3ccc(Cl)cc23)C1C1CCCCC1,6.64
CHEMBL193686,315.32,0,3.46,CNC(=O)N1N=C(c2cc(F)ccc2F)CC1c1ccccc1,5.51
CHEMBL208422,439.51,0,4.47,CC(=O)N1CCC(N(C)C(=O)N2CC(c3cc(F)ccc3F)=C[C@H]2c2ccccc2)CC1,7.3
CHEMBL381219,280.33,0,3.09,CC(=O)N1N=C(c2ccccc2)CC1c1cccc(O)c1,5.16
CHEMBL3289007,324.28,0,4.47,O=C1CCc2cc(Nc3cccc(C(F)(F)F)c3)cc(F)c2N1,6.37
CHEMBL2043414,446.4,1,5.62,N[C@@H](CSC(Cc1ccccc1)(c1ccc(Cl)cc1)c1ccc(Cl)cc1)C(=O)O,6.6
CHEMBL1172721,199.23,0,3.77,Cc1ccc2c(c1)[nH]c1ccc(F)cc12,5.12
CHEMBL1171980,251.21,0,4.22,FC(F)(F)Oc1ccc2c(c1)[nH]c1ccccc12,6.29
CHEMBL1169609,235.21,0,4.34,FC(F)(F)c1cccc2c1[nH]c1ccccc12,5.48
CHEMBL3289002,308.26,0,3.78,O=C1COc2cc(Nc3cccc(C(F)(F)F)c3)ccc2N1,6.54
CHEMBL1688923,405.56,1,5.25,CC(C)c1ccc(C(SC[C@H](N)C(=O)O)(c2ccccc2)c2ccccc2)cc1,6.84
CHEMBL1213954,274.34,0,1.92,O=C1CCCC2=C1[C@H](c1cccc(O)c1)NC(=S)N2,5.7
CHEMBL470797,255.21,0,4.09,Nc1ccc(-c2ccc(C(F)(F)F)c(F)c2)cc1,5.61
CHEMBL472473,318.29,0,3.92,CS(=O)(=O)c1ccc(-c2ccc(C(F)(F)F)c(F)c2)cc1,6.07
CHEMBL563993,546.55,2,7.12,COc1ccc(Nc2nc3cc(C(=O)Nc4ccccc4OC)ccc3n2Cc2ccccc2C(F)(F)F)cc1,5.22
CHEMBL3645248,551.59,1,3.77,COC(C)(C)[C@H](c1nc(-c2cc(F)ccc2F)nn1Cc1cccc(F)c1)N(CC[C@H](N)CF)C(=O)[C@H](C)O,8.83
CHEMBL1173704,235.21,0,4.34,FC(F)(F)c1ccc2c(c1)[nH]c1ccccc12,6.58
CHEMBL1171079,291.32,1,5.64,CC(C)(C)c1ccc2c(c1)[nH]c1cc(C(F)(F)F)ccc12,5.85
CHEMBL3288961,238.21,0,3.84,FC(F)(F)c1cccc(Nc2cccnc2)c1,5.16
CHEMBL3288973,306.29,0,4.33,O=C1CCc2cc(Nc3cccc(C(F)(F)F)c3)ccc2N1,7.35
CHEMBL1213955,302.4,0,2.55,CC1(C)CC(=O)C2=C(C1)NC(=S)N[C@H]2c1cccc(O)c1,6.7
CHEMBL408072,319.47,0,4.67,NCCSC(c1ccccc1)(c1ccccc1)c1ccccc1,6.62
CHEMBL2031568,293.35,0,4.28,Cc1ccc2c(c1)-c1cc(C)nn1C(c1ccccc1F)N2,5.2
CHEMBL3680846,545.67,2,5.53,C[C@H](O)C(=O)N(C[C@@H]1CNC[C@@H]1F)[C@@H](c1nc(-c2cc(F)ccc2F)sc1Cc1ccccc1)C(C)(C)C,9.08
CHEMBL228382,364.49,0,3.62,CCN(CC)C(=O)c1c(NC(=O)c2cccs2)sc2c1CCOC2,4.62
CHEMBL228270,390.57,1,5.06,CCN(CC)C(=O)c1c(NC(=O)c2cccs2)sc2c1CCC(C)(C)C2,4.92
CHEMBL390303,374.53,0,4.57,O=C(Nc1sc2c(c1C(=O)N1CCCCC1)CCCC2)c1cccs1,5.55
CHEMBL229014,334.47,0,3.64,CN(C)C(=O)c1c(NC(=O)c2cccs2)sc2c1CCCC2,5.22
CHEMBL468540,265.21,0,4.38,N#Cc1ccc(-c2ccc(C(F)(F)F)c(F)c2)cc1,5.85
CHEMBL469754,333.31,0,3.42,CNS(=O)(=O)c1ccc(-c2ccc(C(F)(F)F)c(F)c2)cc1,5.34
CHEMBL470775,348.32,0,2.8,NS(=O)(=O)NCc1ccc(-c2ccc(C(F)(F)F)c(F)c2)cc1,5.51
CHEMBL522806,338.43,0,3.41,CC1=C(C(=O)c2ccccc2)[C@@H](c2cccc(O)c2)NC(=S)N1C,6.96
CHEMBL212145,458.56,0,3.83,CCC(c1nn2cccc2c(=O)n1Cc1ccccc1)N(CCCO)C(=O)c1ccc(C)cc1,5.16
CHEMBL602592,411.51,0,4.36,NCCC(=O)N1CCc2c([nH]c3ccc(-c4ccccc4)cc23)C1c1cccc(O)c1,5.77
CHEMBL592277,369.86,0,2.62,NCCC(=O)N1CCc2c([nH]c3ccc(Cl)cc23)C1c1ccnc(N)c1,5.18
CHEMBL3087425,791.31,3,10.02,O=c1c(-c2ccc(Oc3c([N+](=O)[O-])cc(C(F)(F)F)c(Cl)c3[N+](=O)[O-])cc2)coc2cc(Oc3c([N+](=O)[O-])cc(C(F)(F)F)c(Cl)c3[N+](=O)[O-])ccc12,7.12
CHEMBL3087414,488.33,1,5.79,O=c1cc(-c2ccccc2)oc2cc(Oc3c([N+](=O)[O-])cc(C(F)(F)F)cc3[N+](=O)[O-])cc(O)c12,6.87
CHEMBL3645247,577.62,1,4.57,COC(C)(C)[C@H](c1nc(-c2cc(F)ccc2F)nn1Cc1cccc(F)c1)N(CC[C@H](N)CF)C(=O)[C@@H]1CCCO1,8.91
CHEMBL1413473,277.35,0,1.86,CC(=O)NC1=NN(C(C)=O)C(C)(c2ccccc2)S1,6.1
CHEMBL3087424,488.33,1,5.79,O=c1c(-c2ccc(O)cc2)coc2cc(Oc3c([N+](=O)[O-])cc([N+](=O)[O-])cc3C(F)(F)F)ccc12,6.83
CHEMBL392146,598.7,2,2.49,CC1=C(C(=O)OCCOCCOC(=O)C2=C(C)NC(=S)NC2c2cccc(O)c2)C(c2cccc(O)c2)NC(=S)N1,5
CHEMBL392146,598.7,2,2.49,CC1=C(C(=O)OCCOCCOC(=O)C2=C(C)NC(=S)NC2c2cccc(O)c2)C(c2cccc(O)c2)NC(=S)N1,4.62
CHEMBL238076,334.4,0,1.97,CCOC(=O)C1=C(C)NC(=S)NC1c1cccc(OC(C)=O)c1,5.41
CHEMBL393844,334.4,0,2.01,CCOC(=O)C1=C(C)NC(=S)N(C(C)=O)C1c1cccc(O)c1,5.42
CHEMBL491384,338.43,0,3.41,CC1=C(C(=O)c2ccccc2)[C@H](c2cccc(O)c2)NC(=S)N1C,6.28
CHEMBL1802987,236.2,0,3.73,FC(F)(F)c1ccc2c(c1)[nH]c1ccncc12,7.02
CHEMBL1802989,304.27,0,4.22,O=C1CCc2c(ccc3c2[nH]c2cc(C(F)(F)F)ccc23)N1,7.4
CHEMBL4249742,482.59,0,4,COc1cccc(/C=C2\SC(NC3=NN(C(C)=O)C(C)(c4ccccc4)S3)=NC2=O)c1OC,4.14
CHEMBL1829425,553.53,2,5.52,CCC(c1nc2sc(Br)cc2c(=O)n1Cc1ccccc1)N(CCCN)C(=O)c1ccc(C)cc1,6.85
CHEMBL1829400,529.49,2,5.76,CCC(c1nc2ccsc2c(=O)n1Cc1ccccc1)N(CCCN)C(=O)c1ccc(Cl)cc1Cl,6.82
CHEMBL254432,292.36,0,1.75,CCOC(=O)C1=C(C)NC(=S)N[C@H]1c1cccc(O)c1,5
CHEMBL202788,458.51,0,4.06,CC(C)(C)[C@H](NC(=O)OCCO)C(=O)N1CC(c2cc(F)ccc2F)=C[C@H]1c1ccccc1,8.13
CHEMBL380367,324.42,0,3.64,Cc1ccc2c(c1C)CN(C(=O)N(C)C)CC2c1cccc(O)c1,6.51
CHEMBL208422,439.51,0,4.47,CC(=O)N1CCC(N(C)C(=O)N2CC(c3cc(F)ccc3F)=C[C@H]2c2ccccc2)CC1,7.3
CHEMBL1278004,388.86,0,4.73,CC1=C(C(=O)Nc2ccc(F)c(Cl)c2)C(c2cccs2)c2c[nH]nc2N1,6.36
CHEMBL1277473,388.4,0,4.7,CC1=C(C(=O)Nc2ccc(F)cc2)C(c2ccco2)n2c(nc3ccccc32)N1,5.25
CHEMBL3633527,423.97,0,4.88,N[C@@H](CSC1(c2ccc(Cl)cc2)c2ccccc2CCc2ccccc21)C(=O)O,7.96
CHEMBL232133,431.48,1,5.14,N[C@@H](CSC(c1ccccc1)(c1ccccc1)c1ccc(C(F)(F)F)cc1)C(=O)O,6.58
CHEMBL3633541,475.56,1,5.75,N[C@@H](CSC1(c2ccc(C(F)(F)F)cc2)c2ccccc2CSc2ccccc21)C(=O)O,7.21
CHEMBL1565660,267.31,0,1.45,CC(=O)NC1=NN(C(C)=O)C(C)(c2ccco2)S1,5.37
CHEMBL1369692,283.38,0,1.92,CC(=O)NC1=NN(C(C)=O)C(C)(c2cccs2)S1,5.77
CHEMBL4287823,283.38,0,1.92,CC(=O)NC1=NN(C(C)=O)C(C)(c2ccsc2)S1,5.66
CHEMBL1605046,278.34,0,1.26,CC(=O)NC1=NN(C(C)=O)C(C)(c2ccccn2)S1,4.43
CHEMBL4279312,299.3,0,1.97,CC(=O)NC1=NN(C(C)=O)C(c2cc(F)ccc2F)S1,4.39
CHEMBL208865,386.45,0,3.69,CN(C)C(=O)N1N=C(c2cc(F)ccc2F)CC1(CCCN)c1ccccc1,8.1
CHEMBL388098,363.51,0,3.82,CCN(CC)C(=O)c1c(NC(=O)c2cncs2)sc2c1CCCC2,4.12
CHEMBL3319304,454.62,0,2.44,CC(C)C(=O)N1N=C(NC(=O)C(C)(C)C)SC1(CCNS(C)(=O)=O)c1ccccc1,7.32
CHEMBL444096,276.29,0,1.58,CCOC(=O)C1=C(C)NC(=O)NC1c1cccc(O)c1,4.85
CHEMBL1391655,317.82,0,2.58,CC(=O)NC1=NN(C(C)=O)C(C)(c2ccc(Cl)s2)S1,6.02
CHEMBL1829430,489.65,0,4.46,CCC(c1nc2snc(C)c2c(=O)n1Cc1ccccc1)N(CCCN)C(=O)c1ccc(C)cc1,9
CHEMBL1829417,518.64,1,3.97,CCC(c1nc2ccsc2c(=O)n1Cc1ccccc1)N(CCCN)C(=O)C1COc2ccccc2O1,5.64
CHEMBL1688924,445.63,1,6.17,N[C@@H](CSC(c1ccccc1)(c1ccccc1)c1ccc(C2CCCCC2)cc1)C(=O)O,5.8
CHEMBL1213955,302.4,0,2.55,CC1(C)CC(=O)C2=C(C1)NC(=S)N[C@H]2c1cccc(O)c1,6.7
CHEMBL1165578,363.85,0,4.8,CC(=O)N1CCc2c([nH]c3ccc(Cl)cc23)C1c1c[nH]c2ccccc12,6.47
CHEMBL1163892,388.9,1,5.67,Oc1cccc(C2c3[nH]c4ccc(Cl)cc4c3CCN2Cc2ccccc2)c1,6.15
CHEMBL472270,302.29,0,4.25,C[S+]([O-])c1ccc(-c2ccc(C(F)(F)F)c(F)c2)cc1,5.43
CHEMBL243885,296.32,0,4.03,NC(=S)Nc1ccc(-c2ccc(C(F)(F)F)cc2)cc1,7.96
CHEMBL1818526,349.5,0,4.03,N[C@H](CO)CSC(c1ccccc1)(c1ccccc1)c1ccccc1,6.51
CHEMBL590123,349.43,0,3,Cc1ccc2[nH]c3c(c2c1)CCN(C(=O)CCN)C3c1cccc(O)c1,7.24
CHEMBL1276844,382.83,0,4.67,CC1=C(C(=O)Nc2ccc(F)c(Cl)c2)C(c2ccccc2)c2c[nH]nc2N1,6.77
CHEMBL1086410,364.53,1,5.21,CNC[C@H]1CC[C@@H]2[C@H](O1)c1cc(C(C)(C)C)ccc1N[C@H]2c1ccccc1,8.4
CHEMBL1083829,349.35,1,5.22,FC(F)(F)Oc1ccc2c(c1)[C@H]1OCCC[C@H]1[C@H](c1ccccc1)N2,5.43
CHEMBL1078573,293.41,0,4.94,Cc1cc2c(cc1C)[C@H]1OCCC[C@H]1[C@H](c1ccccc1)N2,5.9
CHEMBL1085666,362.39,0,4.67,NC[C@H]1CC[C@@H]2[C@H](O1)c1cc(C(F)(F)F)ccc1N[C@H]2c1ccccc1,7.7
CHEMBL1829250,488.66,1,5.07,CCC(c1nc2ccsc2c(=O)n1Cc1ccc(C)cc1)N(CCCN)C(=O)c1ccc(C)cc1,6.89
CHEMBL1829410,478.59,0,4.59,CCC(c1nc2ccsc2c(=O)n1Cc1ccccc1)N(CCCN)C(=O)c1ccc(F)cc1,6.85
CHEMBL1089051,307.44,1,5.27,CCCc1ccc2c(c1)[C@H]1OCCC[C@H]1[C@H](c1ccccc1)N2,6.44
CHEMBL1077303,308.43,0,4.39,CN(C)c1ccc2c(c1)[C@H]1OCCC[C@H]1[C@H](c1ccccc1)N2,5.28
CHEMBL1078774,355.45,1,5.46,CC(C)(C)c1ccc2c(c1)[C@H]1OCCC[C@H]1[C@H](c1ccc(O)c(F)c1)N2,7.77
CHEMBL1086409,394.41,1,5.07,CNC[C@H]1CC[C@@H]2[C@H](O1)c1cc(C(F)(F)F)ccc1N[C@H]2c1ccc(F)cc1,7.24
CHEMBL3633365,457.52,1,5.24,N[C@@H](CSC1(c2ccc(C(F)(F)F)cc2)c2ccccc2CCc2ccccc21)C(=O)O,7.68
CHEMBL1829246,474.63,0,4.76,CCC(c1nc2ccsc2c(=O)n1Cc1ccccc1)N(CCCN)C(=O)c1ccc(C)cc1,8
CHEMBL388182,356.49,0,4.36,CCN(CC)C(=O)c1c(NC(=O)c2ccccc2)sc2c1CCCC2,4.48
CHEMBL231939,423.53,0,4.14,COc1ccc(C(SC[C@H](N)C(=O)O)(c2ccccc2)c2ccccc2)cc1OC,4.83
CHEMBL4283764,277.35,0,1.86,CC(=O)NC1=NN(C(C)=O)[C@](C)(c2ccccc2)S1,6.24
CHEMBL1712931,263.32,0,1.69,CC(=O)NC1=NN(C(C)=O)C(c2ccccc2)S1,4.7
CHEMBL244512,322.36,0,2.78,CCS(=O)(=O)c1ccc(-c2ccc(NC(N)=O)c(F)c2)cc1,4.96
CHEMBL449439,211.31,0,4.05,CC(C)(C)c1cccc(-c2ccncc2)c1,6.38
CHEMBL453522,211.31,0,4.05,CC(C)(C)c1ccc(-c2cccnc2)cc1,5.17
CHEMBL472457,235.33,0,4.52,CC(C)(C)c1ccc(-c2ccc(C#N)cc2)cc1,5.83
CHEMBL1078393,309.41,0,3.86,OCCc1ccc2c(c1)[C@H]1OCCC[C@H]1[C@H](c1ccccc1)N2,5
CHEMBL1078997,355.91,1,6.27,CC(C)(C)c1ccc2c(c1)[C@H]1OCCC[C@H]1[C@H](c1cccc(Cl)c1)N2,5.17
CHEMBL1084677,483.56,0,3.85,CNCCS(=O)(=O)NC[C@H]1CC[C@@H]2[C@H](O1)c1cc(C(F)(F)F)ccc1N[C@H]2c1ccccc1,8.4
CHEMBL1084678,497.58,0,4.32,CN(C[C@H]1CC[C@@H]2[C@H](O1)c1cc(C(F)(F)F)ccc1N[C@H]2c1ccccc1)S(=O)(=O)CCCN,8.15
CHEMBL1082248,405.31,0,4.81,CNC[C@H]1CC[C@@H]2[C@H](O1)c1cc(Br)cc(F)c1N[C@H]2c1ccccc1,8.52
CHEMBL565195,488.49,0,4.35,CS(=O)(=O)c1ccc(Nc2nc3cc(C(N)=O)ccc3n2Cc2ccccc2C(F)(F)F)cc1,5.32
CHEMBL491384,338.43,0,3.41,CC1=C(C(=O)c2ccccc2)[C@H](c2cccc(O)c2)NC(=S)N1C,6.19
CHEMBL3633534,455.5,1,5.63,N[C@@H](CSC1(c2ccc(C(F)(F)F)cc2)c2ccccc2C=Cc2ccccc21)C(=O)O,7.44
CHEMBL3633529,481.62,1,6.01,N[C@@H](CSC1(c2ccc(Oc3ccccc3)cc2)c2ccccc2CCc2ccccc21)C(=O)O,6.51
CHEMBL3633526,403.55,0,4.53,Cc1ccc(C2(SC[C@H](N)C(=O)O)c3ccccc3CCc3ccccc32)cc1,8.03
CHEMBL1829247,492.62,0,4.9,CCC(c1nc2ccsc2c(=O)n1Cc1ccccc1F)N(CCCN)C(=O)c1ccc(C)cc1,6.85
CHEMBL558476,459.4,1,5.69,COc1ccc(Nc2nc3cc(C(=O)O)ccc3n2Cc2ccccc2C(F)(F)F)cc1F,5.64
CHEMBL549531,471.5,1,6.36,COC(=O)c1ccc2c(c1)nc(Nc1ccc(SC)cc1)n2Cc1ccccc1C(F)(F)F,4.48
CHEMBL1277111,388.35,0,4.49,CC1=C(C(=O)Nc2ccc(C(F)(F)F)cc2)C(c2ccco2)c2c[nH]nc2N1,5.97
CHEMBL236789,292.36,0,1.75,CCOC(=O)C1=C(C)NC(=S)NC1c1cccc(O)c1,5.26
CHEMBL2105661,511.71,1,2.42,CCNCCS(=O)(=O)NC[C@@]1(c2ccccc2)SC(NC(=O)C(C)(C)C)=NN1C(=O)C(C)(C)C,8.15
CHEMBL4247167,440.53,0,4.12,CC(=O)N1N=C(NC2=NC(=O)/C(=C/c3ccccc3F)S2)SC1(C)c1ccccc1,4.16
CHEMBL595400,363.46,0,3.39,Cc1ccc2[nH]c3c(c2c1)CCN(C(=O)CCCN)C3c1cccc(O)c1,7.07
CHEMBL592519,419.4,0,3.6,NCCC(=O)N1CCc2c([nH]c3ccc(OC(F)(F)F)cc23)C1c1cccc(O)c1,6.7
CHEMBL574446,306.37,0,3.37,CC(=O)N1CCc2c([nH]c3ccccc23)C1c1cccc(O)c1,5.6
CHEMBL3288974,307.27,0,4.38,O=C1CCc2cc(Oc3cccc(C(F)(F)F)c3)ccc2N1,5.7
CHEMBL399296,418.5,0,3.28,NCCCCCN1C(=O)[C@@H]2Cc3c([nH]c4ccccc34)[C@@H](c3cccc(O)c3)N2C1=O,7.05
CHEMBL262736,387.43,0,4.04,CC(C)(C)[C@H](O)C(=O)N1CC(c2cc(F)ccc2F)=C[C@H]1c1cccc(O)c1,8.89
CHEMBL193686,315.32,0,3.46,CNC(=O)N1N=C(c2cc(F)ccc2F)CC1c1ccccc1,5.51
CHEMBL1829263,552.72,1,4.35,CCC(c1nc2ccsc2c(=O)n1Cc1ccccc1)N(CCCNS(C)(=O)=O)C(=O)c1ccc(C)cc1,5.22
CHEMBL392369,393.51,0,4.13,COc1ccc(C(SC[C@H](N)C(=O)O)(c2ccccc2)c2ccccc2)cc1,6.82
CHEMBL1278186,375.39,0,3.79,CC1=C(C(=O)Nc2ccc([N+](=O)[O-])cc2)C(c2ccccc2)c2c[nH]nc2N1,6.7
CHEMBL1278187,398.39,0,4.9,CC1=C(C(=O)Nc2ccc(C(F)(F)F)cc2)C(c2ccccc2)c2c[nH]nc2N1,6.4
CHEMBL1277382,438.41,1,5.58,CC1=C(C(=O)Nc2ccc(C(F)(F)F)cc2)C(c2ccco2)n2c(nc3ccccc32)N1,5.48
CHEMBL2043411,402.39,1,6.17,NCCSC(Cc1ccccc1)(c1ccccc1)c1ccc(Cl)c(Cl)c1,6.64
CHEMBL1818757,396.49,0,4.62,O=c1c(Cc2ccccc2)c(-c2ccccc2)[nH]c2ccc(N3CCOCC3)cc12,6.08
CHEMBL1818525,393.51,0,4.13,COc1ccc(C(SC[C@@H](N)C(=O)O)(c2ccccc2)c2ccccc2)cc1,6.64
CHEMBL1829267,424.57,0,3.54,CCC(c1nc2ccsc2c(=O)n1Cc1ccccc1)N(CCCN)C(=O)C1CC1,5.17
CHEMBL1089057,333.35,1,5.34,FC(F)(F)c1ccc2c(c1)[C@H]1OCCC[C@H]1[C@H](c1ccccc1)N2,6.96
CHEMBL1083517,392.42,0,4.63,CNC[C@H]1CC[C@@H]2[C@H](O1)c1cc(C(F)(F)F)ccc1N[C@H]2c1ccc(O)cc1,8.4
CHEMBL1084935,422.61,1,5.3,CCN(CCO)C[C@H]1CC[C@@H]2[C@H](O1)c1cc(C(C)(C)C)ccc1N[C@H]2c1ccccc1,7.72
CHEMBL195436,282.32,0,3.52,CC(=O)N1N=C(c2ccccc2F)CC1c1ccccc1,5.44
CHEMBL254432,292.36,0,1.75,CCOC(=O)C1=C(C)NC(=S)N[C@H]1c1cccc(O)c1,5
CHEMBL1802991,304.27,0,4.22,O=C1CCc2cc3[nH]c4cc(C(F)(F)F)ccc4c3cc2N1,6.75
CHEMBL1803016,304.27,0,4.22,O=C1CCc2c(ccc3[nH]c4cc(C(F)(F)F)ccc4c23)N1,7.08
CHEMBL1803020,318.3,0,4.61,O=C1CCCc2cc3c(cc2N1)[nH]c1cc(C(F)(F)F)ccc13,7.35
CHEMBL1818528,379.53,0,4.04,COc1ccc(C(SC[C@@H](N)CO)(c2ccccc2)c2ccccc2)cc1,6.89
CHEMBL242780,346.33,0,3,COc1cc(-c2ccc(C(F)(F)F)cc2)ccc1NS(N)(=O)=O,7.18
CHEMBL243883,280.25,0,3.86,NC(=O)Nc1ccc(-c2ccc(C(F)(F)F)cc2)cc1,7.41
CHEMBL242142,237.22,0,3.95,Nc1ccc(-c2ccc(C(F)(F)F)cc2)cc1,5.78
CHEMBL1802984,223.2,0,3.77,FC(F)(F)c1ccc(-c2ccncc2)cc1,5
CHEMBL204369,356.42,0,3.92,CC(C)[C@@H](N)C(=O)N1CC(c2cc(F)ccc2F)=C[C@H]1c1ccccc1,5.51
CHEMBL250328,395.48,0,3.63,CC(=O)C1=NN2c3cc(F)ccc3OC[C@H]2[C@@]1(CCCN(C)C)c1ccccc1,8.8
CHEMBL3645245,573.64,2,5.06,CC(C)(C)[C@H](c1nc(-c2cc(F)ccc2F)nn1Cc1cccc(F)c1)N(C[C@@H]1CNC[C@@H]1F)C(=O)C1CCCO1,8.84
CHEMBL1276931,381.42,0,3.85,CC1=C(C(=O)Nc2ccc([N+](=O)[O-])cc2)C(c2cccs2)c2c[nH]nc2N1,6.09
CHEMBL1277293,400.44,0,4.57,COc1ccc(NC(=O)C2=C(C)Nc3nc4ccccc4n3C2c2ccco2)cc1,5.61
CHEMBL374609,362.52,0,4.59,CCN(CC)C(=O)c1c(NC(=O)c2cccs2)sc2c1C(C)CC2,5.09
CHEMBL1413473,277.35,0,1.86,CC(=O)NC1=NN(C(C)=O)C(C)(c2ccccc2)S1,5.89
CHEMBL390721,390.57,1,5.06,CCN(CC)C(=O)c1c(NC(=O)c2cccs2)sc2c1CC(C)(C)CC2,5.51
CHEMBL236789,292.36,0,1.75,CCOC(=O)C1=C(C)NC(=S)NC1c1cccc(O)c1,4.52
CHEMBL262736,387.43,0,4.04,CC(C)(C)[C@H](O)C(=O)N1CC(c2cc(F)ccc2F)=C[C@H]1c1cccc(O)c1,8.89
CHEMBL381526,372.42,0,3.62,CC(C)[C@H](N)C(=O)N1CC(c2cc(F)ccc2F)=C[C@H]1c1cccc(O)c1,8.92
CHEMBL250532,391.52,0,3.8,CC(=O)C1=NN2c3cc(C)ccc3OC[C@H]2[C@@]1(CCCN(C)C)c1ccccc1,8.74
CHEMBL1829420,510.66,2,5.6,CCC(c1nc2ccsc2c(=O)n1Cc1ccccc1)N(CCCN)C(=O)c1ccc2ccccc2c1,7.52
CHEMBL1829245,384.51,0,3.24,CCC(c1nc2ccsc2c(=O)[nH]1)N(CCCN)C(=O)c1ccc(C)cc1,5.05
CHEMBL370051,328.8,0,4.13,CCC(=O)N1N=C(c2ccccc2Cl)CC1c1cccc(O)c1,5.92
CHEMBL3645244,529.61,1,4.13,C[C@H](O)C(=O)N(C[C@@H]1CNC[C@@H]1F)[C@@H](c1nc(-c2cc(F)ccc2F)nn1Cc1ccccc1)C(C)(C)C,9.22
CHEMBL236789,292.36,0,1.75,CCOC(=O)C1=C(C)NC(=S)NC1c1cccc(O)c1,4.85
CHEMBL1829270,460.6,0,4.45,CCC(c1nc2ccsc2c(=O)n1Cc1ccccc1)N(CCCN)C(=O)c1ccccc1,6.7
CHEMBL1829413,450.56,0,4.04,CCC(c1nc2ccsc2c(=O)n1Cc1ccccc1)N(CCCN)C(=O)c1ccco1,6.3
CHEMBL1829266,440.61,0,4.18,CCC(c1nc2ccsc2c(=O)n1Cc1ccccc1)N(CCCN)C(=O)CC(C)C,5.34
CHEMBL207148,322.5,0,4.2,Cc1ccc2c(c1C)CN(CCCN(C)C)CC2c1ccccc1,5.05
CHEMBL208309,294.44,0,3.6,Cc1ccc2c(c1C)CN(CCCN)CC2c1ccccc1,5.51
CHEMBL205928,330.82,0,3.67,CN(C)C(=O)N1Cc2cc(Cl)ccc2C(c2cccc(O)c2)C1,5.6
CHEMBL205278,376.42,0,4.95,Cc1ccc2c(c1C)CN(C(=O)N(C)C)CC2c1cccc(C(F)(F)F)c1,4.88
CHEMBL381062,310.4,0,3.33,Cc1cccc2c1CN(C(=O)N(C)C)CC2c1cccc(O)c1,5.33
CHEMBL3680848,533.66,2,5.66,C[C@H](O)C(=O)N(CC[C@H](N)CF)[C@@H](c1nc(-c2cc(F)ccc2F)sc1Cc1ccccc1)C(C)(C)C,8.59
CHEMBL3645241,555.65,1,4.92,CC(C)(C)[C@H](c1nc(-c2cc(F)ccc2F)nn1Cc1ccccc1)N(C[C@@H]1CNC[C@@H]1F)C(=O)C1CCCO1,9.02
CHEMBL3645246,547.6,1,4.26,C[C@H](O)C(=O)N(C[C@@H]1CNC[C@@H]1F)[C@@H](c1nc(-c2cc(F)ccc2F)nn1Cc1cccc(F)c1)C(C)(C)C,9.08
CHEMBL1163729,391.9,1,5.58,CCCC(=O)N1CCc2c([nH]c3ccc(Cl)cc23)C1c1c[nH]c2ccccc12,6.79
CHEMBL228801,376.55,0,4.98,CCN(CC)C(=O)c1c(NC(=O)c2cccs2)sc2c1C(C)CCC2,5.12
CHEMBL1829406,492.62,0,4.9,CCC(c1nc2ccsc2c(=O)n1Cc1ccccc1)N(CCCN)C(=O)c1ccc(C)c(F)c1,7.7
CHEMBL438876,464.54,0,2.89,CC(=O)C1=NN2c3cc(F)ccc3OC[C@H]2[C@@]1(CCCN1CCNC(=O)CC1)c1ccccc1,8.82
CHEMBL401476,436.53,0,2.98,CC(=O)C1=NN2c3cc(F)ccc3OC[C@H]2[C@@]1(CCCN1CCNCC1)c1ccccc1,8.37
CHEMBL3680847,571.71,2,6.33,CC(C)(C)[C@H](c1nc(-c2cc(F)ccc2F)sc1Cc1ccccc1)N(C[C@@H]1CNC[C@@H]1F)C(=O)[C@@H]1CCCO1,8
CHEMBL469517,256.2,0,4.22,Oc1ccc(-c2ccc(C(F)(F)F)c(F)c2)cc1,5.67
CHEMBL254192,474.99,0,4.4,Cc1ccc(C(=O)N(CCCN)Cc2nc3cc(Cl)ccc3c(=O)n2Cc2ccccc2)cc1,6.55
CHEMBL254190,595.97,2,6.41,CC[C@H](c1nc2cc(Cl)ccc2c(=O)n1Cc1ccccc1)N(CCCN(C)C)C(=O)c1ccc(Br)cc1,7.92
CHEMBL3633530,445.63,1,5.52,CC(C)(C)c1ccc(C2(SC[C@H](N)C(=O)O)c3ccccc3CCc3ccccc32)cc1,6.52
CHEMBL3633528,465.62,1,5.89,N[C@@H](CSC1(c2ccc(-c3ccccc3)cc2)c2ccccc2CCc2ccccc21)C(=O)O,5.97
CHEMBL3633366,419.55,0,4.23,COc1ccc(C2(SC[C@H](N)C(=O)O)c3ccccc3CCc3ccccc32)cc1,7.85
CHEMBL228814,517.07,2,5.59,Cc1ccc(C(=O)N(CCCN)[C@@H](c2nc3cc(Cl)ccc3c(=O)n2Cc2ccccc2)C(C)C)cc1,7.33
CHEMBL1818747,334.42,0,4.2,Cc1c(-c2cccc(O)c2)[nH]c2ccc(N3CCCCC3)cc2c1=O,6.63
CHEMBL1818765,323.4,0,3.41,CC1Nc2ccc(N3CCCC3)cc2C(=O)N1c1ccc(O)cc1,6.83
CHEMBL1551717,439.45,0,4.18,COC(=O)c1c(C)oc2c1cc(NS(=O)(=O)c1ccc(C(=O)O)cc1)c1ccccc12,4.1
CHEMBL2031572,395.37,0,2.77,Cc1ccc(-n2c(=O)[nH]c3c(C(N)=O)nc(-c4ccc(F)cc4F)nc32)cc1C,4.38
CHEMBL3645253,571.64,1,4.3,COC(C)(C)[C@H](c1nc(-c2cc(F)ccc2F)nn1Cc1ccccc1)N(C[C@@H]1CNC[C@@H]1F)C(=O)[C@@H]1CCCO1,9.16
CHEMBL3639441,533.6,1,3.63,COC(C)(C)[C@H](c1nc(-c2cc(F)ccc2F)nn1Cc1ccccc1)N(CC[C@H](N)CF)C(=O)[C@H](C)O,8.63
CHEMBL397673,378.3,0,2.93,NS(=O)(=O)Nc1ccc(-c2ccc3c(c2)OC(F)(F)C(F)(F)O3)cc1,7.17
CHEMBL430383,331.31,0,3.62,CS(=O)(=O)Nc1ccc(-c2ccc(OC(F)(F)F)cc2)cc1,6.1
CHEMBL243668,298.24,0,4,NC(=O)Nc1ccc(-c2ccc(C(F)(F)F)cc2)cc1F,7.82
CHEMBL396794,317.29,0,2.95,NS(=O)(=O)Oc1ccc(-c2ccc(C(F)(F)F)cc2)cc1,7.19
CHEMBL1803018,293.25,0,3.83,NC(=O)Nc1ccc2[nH]c3cc(C(F)(F)F)ccc3c2c1,6.92
CHEMBL3289001,310.3,0,4.35,O=c1[nH]c2ccc(Nc3cccc(C(F)(F)F)c3)cc2s1,6.09
CHEMBL240471,314.37,0,2.66,CC1=C(C(=O)c2ccco2)C(c2cccc(O)c2)NC(=S)N1,5.82
CHEMBL427676,440.52,0,0.77,CC1=C(C(=O)OCCOCCOCCOCCO)C(c2cccc(O)c2)NC(=S)N1,4.2
CHEMBL3288976,306.29,0,4.33,O=C1CCc2cc(Nc3ccc(C(F)(F)F)cc3)ccc2N1,6.48
CHEMBL1829412,518.64,1,4.24,CCC(c1nc2ccsc2c(=O)n1Cc1ccccc1)N(CCCN)C(=O)c1ccc(C(=O)OC)cc1,5.22
CHEMBL1829264,574.75,2,6.32,CCC(c1nc2ccsc2c(=O)n1Cc1ccccc1)N(CCCNC(=O)OC(C)(C)C)C(=O)c1ccc(C)cc1,5
CHEMBL1213954,274.34,0,1.92,O=C1CCCC2=C1[C@H](c1cccc(O)c1)NC(=S)N2,5.7
CHEMBL409102,397.93,0,4.78,N[C@@H](CSC(c1ccccc1)(c1ccccc1)c1ccc(Cl)cc1)C(=O)O,7.27
CHEMBL1688929,407.49,0,3.82,NC(CSC(c1ccccc1)(c1ccccc1)c1ccc(C(=O)O)cc1)C(=O)O,4.85
CHEMBL259256,343.49,0,4.27,CCCCC(SC[C@H](N)C(=O)O)(c1ccccc1)c1ccccc1,6.5
CHEMBL1829399,495.05,1,5.1,CCC(c1nc2ccsc2c(=O)n1Cc1ccccc1)N(CCCN)C(=O)c1ccc(Cl)cc1,7.3
CHEMBL1829432,489.65,0,4.46,CCC(c1nc2c(C)nsc2c(=O)n1Cc1ccccc1)N(CCCN)C(=O)c1ccc(C)cc1,8.3
CHEMBL1829424,474.63,0,4.76,CCC(c1nc2sccc2c(=O)n1Cc1ccccc1)N(CCCN)C(=O)c1ccc(C)cc1,8.1
CHEMBL390629,316.3,0,2.99,NS(=O)(=O)Nc1ccc(-c2ccc(C(F)(F)F)cc2)cc1,7.75
CHEMBL3645249,617.69,2,5.17,CCN1C[C@@H](CN(C(=O)[C@@H]2CCCO2)[C@@H](c2nc(-c3cc(F)ccc3F)nn2Cc2cccc(F)c2)C(C)(C)OC)[C@@H](F)C1,7.31
CHEMBL3680851,529.6,2,5.06,C[C@H](O)C(=O)N(C[C@@H]1CNC[C@@H]1F)[C@H](c1nc(-c2cc(F)ccc2F)oc1Cc1ccccc1)C(C)(C)C,6
CHEMBL382165,355.38,0,3.7,O=C([C@@H](O)C1CC1)N1CC(c2cc(F)ccc2F)=C[C@H]1c1ccccc1,7.96
CHEMBL228689,348.49,0,4.03,CCN(CC)C(=O)c1c(NC(=O)c2cccs2)sc2c1CCC2,5
CHEMBL1829426,509.08,2,5.41,CCC(c1nc2sc(Cl)cc2c(=O)n1Cc1ccccc1)N(CCCN)C(=O)c1ccc(C)cc1,7.07
CHEMBL244697,361.3,0,2.9,NS(=O)(=O)Nc1ccc(-c2ccc(C(F)(F)F)c([N+](=O)[O-])c2)cc1,7.55
CHEMBL389589,334.29,0,3.13,NS(=O)(=O)Nc1ccc(-c2ccc(C(F)(F)F)c(F)c2)cc1,7.82
CHEMBL397249,254.33,0,3.97,CC(C)c1ccc(-c2ccc(NC(N)=O)cc2)cc1,7.24
CHEMBL242783,301.29,0,3.02,NS(=O)(=O)c1ccc(-c2ccc(C(F)(F)F)cc2)cc1,6.46
CHEMBL240497,439.51,0,4.07,CC(=O)N1N=C(c2cc(F)ccc2F)C[C@@]1(CCCN1C[C@H]2C[C@@H]1CO2)c1ccccc1,9
CHEMBL244511,312.32,0,4.46,NC(=O)Nc1ccc(-c2ccc(SC(F)(F)F)cc2)cc1,6.62
CHEMBL1413473,277.35,0,1.86,CC(=O)NC1=NN(C(C)=O)C(C)(c2ccccc2)S1,6.13
CHEMBL3087427,738.42,3,8.42,O=c1c(-c2ccc(Oc3c([N+](=O)[O-])cc([N+](=O)[O-])cc3C(F)(F)F)cc2)coc2cc(Oc3c([N+](=O)[O-])cc([N+](=O)[O-])cc3C(F)(F)F)cc(O)c12,7.11
CHEMBL267361,362.52,0,4.28,CCN(CC)C(=O)c1c(NC(=O)c2cccs2)sc2c1CC(C)C2,5.46
CHEMBL382587,371.43,0,3.81,CN(CCCN)C(=O)N1CC(c2cc(F)ccc2F)=C[C@H]1c1ccccc1,7.8
CHEMBL205437,397.47,0,4.21,CN(C(=O)N1CC(c2cc(F)ccc2F)=C[C@H]1c1ccccc1)C1CCNCC1,8.59
CHEMBL3087417,504.33,2,5.5,O=c1cc(-c2ccc(O)cc2)oc2cc(Oc3c([N+](=O)[O-])cc(C(F)(F)F)cc3[N+](=O)[O-])cc(O)c12,7.01
CHEMBL381220,300.31,0,3.66,CC(=O)N1N=C(c2cccc(F)c2F)CC1c1ccccc1,4.9
CHEMBL380367,324.42,0,3.64,Cc1ccc2c(c1C)CN(C(=O)N(C)C)CC2c1cccc(O)c1,6.51
CHEMBL1164553,371.48,1,5.09,Cc1ccc2[nH]c3c(c2c1)CCN(C(=O)C(C)C)C3c1c[nH]c2ccccc12,6.67
CHEMBL2043394,320.46,0,4.07,NCCSC(c1ccccc1)(c1ccccc1)c1ccncc1,6.03
CHEMBL2043420,364.47,0,3.52,N[C@@H](CSC(c1ccccc1)(c1ccccc1)c1ccncc1)C(=O)O,6.29
CHEMBL557885,440.43,0,4.95,COc1ccc(Nc2nc3cc(C(N)=O)ccc3n2Cc2ccccc2C(F)(F)F)cc1,5.6
CHEMBL561696,456.49,1,5.67,CSc1ccc(Nc2nc3cc(C(N)=O)ccc3n2Cc2ccccc2C(F)(F)F)cc1,6.28
CHEMBL562019,489.48,0,4.95,CS(=O)(=O)c1ccc(Nc2nc3cc(C(=O)O)ccc3n2Cc2ccccc2C(F)(F)F)cc1,5.16
CHEMBL562353,503.51,1,3.85,CNC(=O)c1ccc2c(c1)nc(Nc1ccc(S(N)(=O)=O)cc1)n2Cc1ccccc1C(F)(F)F,5.04
CHEMBL549737,507.47,1,3.73,NC(=O)c1cc2nc(Nc3ccc(S(N)(=O)=O)cc3)n(Cc3ccccc3C(F)(F)F)c2cc1F,5.1
CHEMBL209815,512.44,1,4.79,CCC(c1nn2c(Cl)ccc2c(=O)n1Cc1ccccc1)N(CCCN)C(=O)c1ccc(Cl)cc1,7.22
CHEMBL377666,492.02,0,4.53,CCC(c1nn2cccc2c(=O)n1Cc1ccccc1)N(CC(C)(C)N)C(=O)c1ccc(Cl)cc1,5.43
CHEMBL4293322,278.34,0,1.26,CC(=O)NC1=NN(C(C)=O)C(C)(c2ccncc2)S1,4.22
CHEMBL4283892,279.32,0,0.65,CC(=O)NC1=NN(C(C)=O)C(C)(c2cnccn2)S1,4.33
CHEMBL395034,435.47,0,4.61,CN(C)C(=O)N1CC(c2cc(F)ccc2F)=C[C@@]1(CC[C@H](N)C(F)F)c1ccccc1,8.28
CHEMBL2325429,517.07,2,6.53,Cc1ccc(C(=O)N(CCCN)[C@@H](c2oc3cc(Cl)ccc3c(=O)c2Cc2ccccc2)C(C)C)cc1,6.22
CHEMBL377566,386.45,0,3.69,CN(C)C(=O)N1N=C(c2cc(F)ccc2F)C[C@@]1(CCCN)c1ccccc1,8.72
CHEMBL208346,504.58,2,5.6,CCNC(=O)N1N=C(c2cc(F)ccc2F)CC1(CCCCNC(=O)c1ccccc1)c1ccccc1,6.05
CHEMBL378184,444.53,0,4.74,CCNC(=O)N1N=C(c2cc(F)ccc2F)CC1(CCCC[N+](C)(C)[O-])c1ccccc1,6.23
CHEMBL378497,478.59,1,5.43,CCNC(=O)N1N=C(c2cc(F)ccc2F)CC1(CCCCN1CC2C=CC1C2)c1ccccc1,6.92
CHEMBL195232,316.31,0,3.37,CC(=O)N1N=C(c2cc(F)ccc2F)C[C@H]1c1cccc(O)c1,7.61
CHEMBL425420,505.57,1,4.99,CCNC(=O)N1N=C(c2cc(F)ccc2F)CC1(CCCCNC(=O)c1ccccn1)c1ccccc1,6.41
CHEMBL1829401,539.5,2,5.21,CCC(c1nc2ccsc2c(=O)n1Cc1ccccc1)N(CCCN)C(=O)c1ccc(Br)cc1,7.52
CHEMBL3087421,504.33,2,5.5,O=c1cc(-c2ccccc2)oc2cc(Oc3c([N+](=O)[O-])cc([N+](=O)[O-])cc3C(F)(F)F)c(O)c(O)c12,7.04
CHEMBL208145,237.35,0,3.54,Cc1ccc2c(c1C)CNCC2c1ccccc1,5.08
CHEMBL205297,336.52,0,4.59,Cc1ccc2c(c1C)CN(CCCCN(C)C)CC2c1ccccc1,5.27
CHEMBL381794,338.41,0,2.96,CN(C)C(=O)N1Cc2c(ccc3c2OCC3)C(c2cccc(O)c2)C1,6.19
CHEMBL379690,356.42,0,3.92,CC(C)[C@H](N)C(=O)N1CC(c2cc(F)ccc2F)=C[C@H]1c1ccccc1,8.44
CHEMBL383759,387.43,0,3.77,CCNC(=O)N1N=C(c2cc(F)ccc2F)CC1(CCCO)c1ccccc1,6.13
CHEMBL206883,329.35,0,3.63,CNC(=O)N1N=C(c2cc(F)ccc2F)CC1(C)c1ccccc1,6.55
CHEMBL209310,494.55,0,4.32,CCNC(=O)N1N=C(c2cc(F)ccc2F)CC1(CCCCNC(=O)c1ncc[nH]1)c1ccccc1,6.26
CHEMBL2043393,446.4,1,5.62,N[C@@H](CSC(Cc1ccc(Cl)c(Cl)c1)(c1ccccc1)c1ccccc1)C(=O)O,5.28
CHEMBL2043392,411.95,0,4.97,N[C@@H](CSC(Cc1ccc(Cl)cc1)(c1ccccc1)c1ccccc1)C(=O)O,6.34
CHEMBL1688931,357.52,0,4.51,CCC(CC)C(SC[C@H](N)C(=O)O)(c1ccccc1)c1ccccc1,5.79
CHEMBL261613,413.54,1,5.28,N[C@@H](CSC(c1ccccc1)(c1ccccc1)c1ccc2ccccc2c1)C(=O)O,7.79
CHEMBL203045,356.42,0,3.92,CC(C)(CN)C(=O)N1CC(c2cc(F)ccc2F)=C[C@H]1c1ccccc1,8.28
CHEMBL380181,490.01,0,4.22,C=CC(c1nn2ccc(Cl)c2c(=O)n1Cc1ccccc1)N(CCCN)C(=O)c1ccc(C)cc1,5.72
CHEMBL377009,506.05,1,4.92,CCC(c1nn2cccc2c(=O)n1Cc1ccccc1)N(CCC(C)(C)N)C(=O)c1ccc(Cl)cc1,6.19
CHEMBL2347649,423.47,0,4.35,O=C1[C@@H]2Cc3c([nH]c4ccccc34)[C@@H](c3cccc(O)c3)N2C(=O)N1Cc1ccccc1,6.19
CHEMBL2347798,353.24,0,2.68,O=C1CCCC2=C1[C@H](c1cc(O)ccc1Br)NC(=S)N2,6.46
CHEMBL1829257,481.65,0,4.21,CCC(c1nc2ccsc2c(=O)n1Cc1cscn1)N(CCCN)C(=O)c1ccc(C)cc1,5.04
CHEMBL592518,414.3,0,3.46,NCCC(=O)N1CCc2c([nH]c3ccc(Br)cc23)C1c1cccc(O)c1,7.57
CHEMBL589879,353.4,0,2.84,NCCC(=O)N1CCc2c([nH]c3ccc(F)cc23)C1c1cccc(O)c1,6.12
CHEMBL1078893,339.45,1,5.76,CC(C)(C)c1ccc2c(c1)[C@H]1OCCC[C@H]1[C@H](c1ccccc1F)N2,6.77
CHEMBL1829409,490.63,0,4.46,CCC(c1nc2ccsc2c(=O)n1Cc1ccccc1)N(CCCN)C(=O)c1ccc(OC)cc1,6.68
CHEMBL1829256,479.61,0,4.05,CCC(c1nc2ccsc2c(=O)n1Cc1cc(C)on1)N(CCCN)C(=O)c1ccc(C)cc1,6.2
CHEMBL1829418,516.69,2,5.66,CCC(c1nc2ccsc2c(=O)n1Cc1ccccc1)N(CCCN)C(=O)c1cc2ccccc2s1,7.4
CHEMBL51483,518.56,3,6.38,Cc1cc2c(C(C)C)c(O)c(O)c(C=O)c2c(O)c1-c1c(C)cc2c(C(C)C)c(O)c(O)c(C=O)c2c1O,4.97
CHEMBL3633365,457.52,1,5.24,N[C@@H](CSC1(c2ccc(C(F)(F)F)cc2)c2ccccc2CCc2ccccc21)C(=O)O,7.68
CHEMBL204459,354.4,0,3.67,N[C@H](C(=O)N1CC(c2cc(F)ccc2F)=C[C@H]1c1ccccc1)C1CC1,8.7
CHEMBL2347654,387.44,0,4.22,Cc1ccc(C(=O)N2CCc3cc4c(cc3C2c2cccc(O)c2)OCO4)cc1,7.22
CHEMBL429597,377.51,0,4.43,Cc1ccc(C(SC[C@H](N)C(=O)O)(c2ccccc2)c2ccccc2)cc1,7.21
CHEMBL3085794,502.36,2,6.1,COc1ccc(-c2coc3cc(Oc4c([N+](=O)[O-])cc([N+](=O)[O-])cc4C(F)(F)F)ccc3c2=O)cc1,6.77
CHEMBL3087420,738.42,3,8.42,O=c1cc(-c2ccccc2)oc2cc(Oc3c([N+](=O)[O-])cc(C(F)(F)F)cc3[N+](=O)[O-])c(Oc3c([N+](=O)[O-])cc(C(F)(F)F)cc3[N+](=O)[O-])c(O)c12,7.42
CHEMBL1829255,475.62,0,4.15,CCC(c1nc2ccsc2c(=O)n1Cc1ccncc1)N(CCCN)C(=O)c1ccc(C)cc1,5.28
CHEMBL1829407,488.66,1,5.01,CCc1ccc(C(=O)N(CCCN)C(CC)c2nc3ccsc3c(=O)n2Cc2ccccc2)cc1,7.05
CHEMBL1829251,504.66,1,4.77,CCC(c1nc2ccsc2c(=O)n1Cc1ccc(OC)cc1)N(CCCN)C(=O)c1ccc(C)cc1,6.8
CHEMBL1829414,451.55,0,3.44,CCC(c1nc2ccsc2c(=O)n1Cc1ccccc1)N(CCCN)C(=O)c1ccno1,5.86
CHEMBL1089056,321.46,1,5.62,CC(C)(C)c1ccc2c(c1)[C@H]1OCCC[C@H]1[C@H](c1ccccc1)N2,6.92
CHEMBL2043407,351.49,1,5,NCCSC(Cc1ccccc1)(c1ccccc1)c1ccc(F)cc1,6.24
CHEMBL1277016,404.42,0,4.96,CC1=C(C(=O)Nc2ccc(C(F)(F)F)cc2)C(c2cccs2)c2c[nH]nc2N1,6.5
CHEMBL1082249,476.39,0,4.32,CC(=O)NCCNC[C@H]1CC[C@@H]2[C@H](O1)c1cc(Br)cc(F)c1N[C@H]2c1ccccc1,8.22
CHEMBL1276930,366.45,0,3.95,COc1ccc(NC(=O)C2=C(C)Nc3n[nH]cc3C2c2cccs2)cc1,8.6
CHEMBL1276845,348.38,0,4.02,CC1=C(C(=O)Nc2ccc(F)cc2)C(c2ccccc2)c2c[nH]nc2N1,6.85
CHEMBL4246367,456.98,0,4.64,CC(=O)N1N=C(NC2=NC(=O)/C(=C/c3ccccc3Cl)S2)SC1(C)c1ccccc1,4.88
CHEMBL397799,264.31,0,1.27,CC1=C(C(=O)O)C(c2cccc(O)c2)NC(=S)N1,4.14
CHEMBL240923,435.47,0,4.61,CN(C)C(=O)N1CC(c2cc(F)ccc2F)=C[C@@]1(CC[C@@H](N)C(F)F)c1ccccc1,8.28
CHEMBL3735751,313.33,0,2.14,CC(=O)NC1=NN(C(C)=O)C(C)(c2cc(F)ccc2F)S1,6.08
CHEMBL1818754,394.52,1,5.78,O=c1c(Cc2ccccc2)c(-c2ccccc2)[nH]c2ccc(N3CCCCC3)cc12,6.84
CHEMBL1818769,399.49,0,4.16,O=C1c2cc(N3CCOCC3)ccc2NC(Cc2ccccc2)N1c1ccccc1,4.43
CHEMBL1818771,415.49,0,3.87,O=C1c2cc(N3CCOCC3)ccc2NC(Cc2ccccc2)N1c1ccc(O)cc1,5.56
CHEMBL1818751,409.53,0,4.54,CN1CCN(c2ccc3[nH]c(-c4ccccc4)c(Cc4ccccc4)c(=O)c3c2)CC1,5.4
CHEMBL243215,332.3,0,2.69,NS(=O)(=O)Nc1ccc(-c2ccc(C(F)(F)F)cc2)cc1O,6.46
CHEMBL244075,304.28,0,3.58,N#C/N=C(\N)Nc1ccc(-c2ccc(C(F)(F)F)cc2)cc1,6.08
CHEMBL206967,345.35,0,2.6,CNC(=O)N1N=C(c2cc(F)ccc2F)CC1(CO)c1ccccc1,6.04
CHEMBL427676,440.52,0,0.77,CC1=C(C(=O)OCCOCCOCCOCCO)C(c2cccc(O)c2)NC(=S)N1,4.64
CHEMBL240050,339.25,None,None,CCOC(=O)C1=C(C)NC(=[Se])NC1c1cccc(O)c1,4.94
CHEMBL601305,334.42,0,4.07,CCC(=O)N1CCc2c([nH]c3ccc(C)cc23)C1c1cccc(O)c1,6.34
CHEMBL232258,449.49,0,4.88,CN(C)C(=O)N1CC(c2cc(F)ccc2F)=C[C@@]1(CCCNCC(F)F)c1ccccc1,7.92
CHEMBL389082,413.51,0,4.63,CCNCCC[C@@]1(c2ccccc2)C=C(c2cc(F)ccc2F)CN1C(=O)N(C)C,7.99
CHEMBL1078572,351.34,1,5.48,Fc1cc(C(F)(F)F)cc2c1N[C@@H](c1ccccc1)[C@@H]1CCCO[C@H]21,7.05
CHEMBL589393,333.44,0,3.3,Cc1ccc2[nH]c3c(c2c1)CCN(C(=O)CCN)C3c1ccccc1,6.76
CHEMBL589153,447.94,0,2.94,CS(=O)(=O)NCCC(=O)N1CCc2c([nH]c3ccc(Cl)cc23)C1c1cccc(O)c1,6.81
CHEMBL594459,403.53,0,4,Cc1ccc2[nH]c3c(c2c1)CCN(C(=O)C1CCCN(C)C1)C3c1cccc(O)c1,6.05
CHEMBL604670,351.41,0,2.4,NCCC(=O)N1CCc2c([nH]c3ccc(O)cc23)C1c1cccc(O)c1,5.35
CHEMBL232133,431.48,1,5.14,N[C@@H](CSC(c1ccccc1)(c1ccccc1)c1ccc(C(F)(F)F)cc1)C(=O)O,6.93
CHEMBL412132,442.38,0,4.89,N[C@@H](CSC(c1ccccc1)(c1ccccc1)c1ccc(Br)cc1)C(=O)O,7.57
CHEMBL259257,329.47,0,3.73,CC(C)C(SC[C@H](N)C(=O)O)(c1ccccc1)c1ccccc1,5.94
CHEMBL1078873,336.48,1,5.2,CC(C)(C)c1ccc2c(c1)[C@H]1OCCC[C@H]1[C@H](c1cccc(N)c1)N2,5.64
CHEMBL242181,328.3,0,2.29,NS(=O)(=O)Nc1ccc(-c2ccc3c(c2)OC(F)(F)O3)cc1,7.51
CHEMBL239414,468.55,0,3.76,CC(=O)N1CCN(CCC[C@@]2(c3ccccc3)CC(c3cc(F)ccc3F)=NN2C(C)=O)CC1,8.55
CHEMBL240705,429.51,0,4.18,COCCN(C)CCC[C@@]1(c2ccccc2)CC(c2cc(F)ccc2F)=NN1C(C)=O,8.7
CHEMBL240498,415.46,0,4.25,CC(=O)N1N=C(c2cc(F)ccc2F)C[C@@]1(CCCN1CC(F)C1)c1ccccc1,8.74
CHEMBL378389,308.43,0,3.93,Cc1ccc2c(c1C)CN(C(=O)N(C)C)CC2c1ccccc1,5.56
CHEMBL204371,279.38,0,3.8,CC(=O)N1Cc2c(ccc(C)c2C)C(c2ccccc2)C1,4.75
CHEMBL392369,393.51,0,4.13,COc1ccc(C(SC[C@H](N)C(=O)O)(c2ccccc2)c2ccccc2)cc1,6.57
CHEMBL591332,320.39,0,3.68,CC(=O)N1CCc2c([nH]c3ccc(C)cc23)C1c1cccc(O)c1,6.7
CHEMBL1173640,181.24,0,3.63,Cc1ccc2c(c1)[nH]c1ccccc12,4.66
CHEMBL444714,181.24,0,3.63,Cc1cccc2c1[nH]c1ccccc12,4.64
CHEMBL1172899,221.3,0,4.2,c1ccc2c(c1)[nH]c1cc3c(cc12)CCCC3,4.6
CHEMBL1163525,406.31,0,3.35,CC(N)C(=O)N1CCc2c([nH]c3ccc(Cl)cc23)C1c1cccc(O)c1.Cl,6.32
CHEMBL1164860,364.4,0,3.21,CCC(=O)N1C(C(=O)O)Cc2c([nH]c3ccccc23)C1c1cccc(O)c1,6.93
CHEMBL251142,478.57,0,3.23,CC(=O)C1=NN2c3cc(F)ccc3OC[C@H]2[C@@]1(CCCN1CCC(=O)N(C)CC1)c1ccccc1,9.05
CHEMBL1688925,439.58,1,5.79,N[C@@H](CSC(c1ccccc1)(c1ccccc1)c1ccc(-c2ccccc2)cc1)C(=O)O,5.71
CHEMBL1688926,419.59,1,5.42,CC(C)(C)c1ccc(C(SC[C@H](N)C(=O)O)(c2ccccc2)c2ccccc2)cc1,5.91
CHEMBL1078894,339.45,1,5.76,CC(C)(C)c1ccc2c(c1)[C@H]1OCCC[C@H]1[C@H](c1ccc(F)cc1)N2,6.57
CHEMBL1093087,481.56,1,6.17,NCCN(C[C@H]1CC[C@@H]2[C@H](O1)c1cc(C(F)(F)F)ccc1N[C@H]2c1ccccc1)c1ccccc1,7.72
CHEMBL2031570,485.58,0,4.91,Cc1ccsc1CCN1C(=S)N(c2ccc(F)cc2)C(=O)C1CC(=O)Nc1ccc(F)cc1,6.22
CHEMBL594458,417.55,0,4.53,Cc1ccc2[nH]c3c(c2c1)CCN(C(=O)CCN1CCCCC1)C3c1cccc(O)c1,7
CHEMBL591331,351.43,0,3.44,Cc1ccc2[nH]c3c(c2c1)CCN(C(=O)CCN)C3c1cccc(F)c1,7
CHEMBL2043416,402.39,1,6.17,NCCSC(Cc1ccccc1)(c1ccc(Cl)cc1)c1cccc(Cl)c1,6.36
CHEMBL1170845,239.32,0,4.5,CC(C)(C)Oc1ccc2c(c1)[nH]c1ccccc12,5.5
CHEMBL1171078,267.33,0,4.32,CC(C)(C)c1ccc2c(c1)[nH]c1ccc(C(=O)O)cc12,4.96
CHEMBL1170621,223.32,0,4.62,CC(C)(C)c1ccc2[nH]c3ccccc3c2c1,6.62
CHEMBL243669,334.29,0,3.13,NS(=O)(=O)Nc1ccc(-c2ccc(C(F)(F)F)cc2)cc1F,8.3
CHEMBL394512,281.23,0,3.83,NC(=O)Oc1ccc(-c2ccc(C(F)(F)F)cc2)cc1,6.14
CHEMBL243701,315.32,0,3.16,NS(=O)(=O)Cc1ccc(-c2ccc(C(F)(F)F)cc2)cc1,6.93
CHEMBL244264,238.21,0,4.08,Oc1ccc(-c2ccc(C(F)(F)F)cc2)cc1,6.16
CHEMBL228370,362.52,0,4.42,CCN(CC)C(=O)c1c(NC(=O)c2ccsc2)sc2c1CCCC2,4.89
CHEMBL229022,376.55,0,4.67,CCN(CC)C(=O)c1c(NC(=O)c2cccs2)sc2c1CCC(C)C2,5.23
CHEMBL1938593,410.97,1,5.14,OC(CNCCc1ccccc1)CN1c2ccccc2Sc2ccc(Cl)cc21,5.82
CHEMBL194980,316.38,0,4.46,CC(=S)N1N=C(c2cc(F)ccc2F)CC1c1ccccc1,6.6
CHEMBL204459,354.4,0,3.67,N[C@H](C(=O)N1CC(c2cc(F)ccc2F)=C[C@H]1c1ccccc1)C1CC1,8.7
CHEMBL203045,356.42,0,3.92,CC(C)(CN)C(=O)N1CC(c2cc(F)ccc2F)=C[C@H]1c1ccccc1,8.28
CHEMBL426141,738.92,2,7.88,CC1(C)CCC[C@]2(C)O[C@H]3CC[C@@]4(C)[C@@H](CC[C@]5(C)[C@@H]4CC[C@]4(C)c6c(OS(=O)(=O)[O-])ccc(OS(=O)(=O)[O-])c6C[C@@H]54)[C@]3(C)CC[C@@H]12.[Na+].[Na+],4.86
CHEMBL399378,433.55,0,3.57,CC(=O)C1=NN2c3cc(C)ccc3OC[C@H]2[C@@]1(CCCN1CCOCC1)c1ccccc1,9
CHEMBL1829249,509.08,2,5.41,CCC(c1nc2ccsc2c(=O)n1Cc1ccc(Cl)cc1)N(CCCN)C(=O)c1ccc(C)cc1,6.68
CHEMBL1829265,440.61,0,4.33,CCCCC(=O)N(CCCN)C(CC)c1nc2ccsc2c(=O)n1Cc1ccccc1,5.26
CHEMBL1688932,369.51,0,4.19,N[C@@H](CSC(c1ccccc1)(c1ccccc1)c1cccs1)C(=O)O,4.38
CHEMBL426857,326.4,0,3.03,COc1cccc2c1CN(C(=O)N(C)C)CC2c1cccc(O)c1,5.75
CHEMBL210672,428.53,0,4.73,CCNC(=O)N1N=C(c2cc(F)ccc2F)CC1(CCCCN(C)C)c1ccccc1,6.99
CHEMBL207006,386.45,0,3.74,CCNC(=O)N1N=C(c2cc(F)ccc2F)CC1(CCCN)c1ccccc1,7.36
CHEMBL435929,360.5,0,4.18,O=C(Nc1sc2c(c1C(=O)N1CCCC1)CCCC2)c1cccs1,5.41
CHEMBL1171435,195.26,0,3.88,CCc1ccc2c(c1)[nH]c1ccccc12,5.55
CHEMBL1172392,195.22,0,3.13,O=Cc1ccc2[nH]c3ccccc3c2c1,4.77
CHEMBL1170284,217.22,0,4.26,FC(F)c1ccc2c(c1)[nH]c1ccccc12,6.06
CHEMBL1172395,195.22,0,3.13,O=Cc1ccc2c(c1)[nH]c1ccccc12,4.89
CHEMBL522806,338.43,0,3.41,CC1=C(C(=O)c2ccccc2)[C@@H](c2cccc(O)c2)NC(=S)N1C,6.82
CHEMBL590607,335.41,0,2.7,NCCC(=O)N1CCc2c([nH]c3ccccc23)C1c1cccc(O)c1,6.2
CHEMBL235974,352.41,0,0.74,CC1=C(C(=O)OCCOCCO)C(c2cccc(O)c2)NC(=S)N1,4.68
CHEMBL1829424,474.63,0,4.76,CCC(c1nc2sccc2c(=O)n1Cc1ccccc1)N(CCCN)C(=O)c1ccc(C)cc1,5.72
CHEMBL400042,375.39,0,3.5,CC(=O)N1N=C(c2cc(F)ccc2F)C[C@@]1(C[C@H](F)CN)c1ccccc1,9.09
CHEMBL1277294,415.41,0,4.47,CC1=C(C(=O)Nc2ccc([N+](=O)[O-])cc2)C(c2ccco2)n2c(nc3ccccc32)N1,4.68
CHEMBL1163743,368.48,1,5.33,Cc1ccc2[nH]c3c(c2c1)CCN(Cc1ccccc1)C3c1cccc(O)c1,4.91
CHEMBL236179,410.52,0,2.02,CC(=O)SCCOCCOC(=O)C1=C(C)NC(=S)NC1c1cccc(O)c1,5.35
CHEMBL1092159,307.44,1,5.44,CC(C)c1ccc2c(c1)[C@H]1OCCC[C@H]1[C@H](c1ccccc1)N2,6.89
CHEMBL1078691,337.46,1,5.32,CC(C)(C)c1ccc2c(c1)[C@H]1OCCC[C@H]1[C@H](c1ccc(O)cc1)N2,7.47
CHEMBL1077204,476.54,0,4.57,CN(C)CCNC(=O)NC[C@H]1CC[C@@H]2[C@H](O1)c1cc(C(F)(F)F)ccc1N[C@H]2c1ccccc1,8.1
CHEMBL1829402,528.6,2,5.47,CCC(c1nc2ccsc2c(=O)n1Cc1ccccc1)N(CCCN)C(=O)c1ccc(C(F)(F)F)cc1,6.68
CHEMBL1829428,469.59,0,4.09,CCC(c1nc2ncccc2c(=O)n1Cc1ccccc1)N(CCCN)C(=O)c1ccc(C)cc1,6.49
CHEMBL1829415,480.66,0,4.82,CCC(c1nc2ccsc2c(=O)n1Cc1ccccc1)N(CCCN)C(=O)c1sccc1C,6.39
CHEMBL3645250,589.63,1,4.44,COC(C)(C)[C@H](c1nc(-c2cc(F)ccc2F)nn1Cc1cccc(F)c1)N(C[C@@H]1CNC[C@@H]1F)C(=O)[C@@H]1CCCO1,9.05
CHEMBL236181,368.48,0,1.67,CC1=C(C(=O)OCCOCCS)C(c2cccc(O)c2)NC(=S)N1,5.4
CHEMBL240050,339.25,None,None,CCOC(=O)C1=C(C)NC(=[Se])NC1c1cccc(O)c1,4.64
CHEMBL242182,320.37,0,2.48,CC1(C)Oc2ccc(-c3ccc(NS(N)(=O)=O)cc3)cc2O1,6.32
CHEMBL244690,280.25,0,3.86,NC(=O)Nc1ccc(-c2cccc(C(F)(F)F)c2)cc1,5.14
CHEMBL242150,281.76,0,3.38,CS(=O)(=O)Nc1ccc(-c2ccc(Cl)cc2)cc1,5.7
CHEMBL241936,352.28,0,3.27,NS(=O)(=O)Nc1c(F)cc(-c2ccc(C(F)(F)F)cc2)cc1F,6.3
CHEMBL243681,341.31,0,2.86,N#Cc1cc(-c2ccc(C(F)(F)F)cc2)ccc1NS(N)(=O)=O,6.71
CHEMBL242141,329.34,0,4.13,CCS(=O)(=O)Nc1ccc(-c2ccc(C(F)(F)F)cc2)cc1,5.6
CHEMBL207867,251.37,0,3.88,Cc1ccc2c(c1C)CN(C)CC2c1ccccc1,4.74
CHEMBL2043404,351.49,1,5,NCCSC(Cc1ccccc1)(c1ccccc1)c1ccccc1F,6.1
CHEMBL195659,376.84,1,5.04,O=C(c1ccccc1)N1N=C(c2ccccc2Cl)CC1c1cccc(O)c1,4.87
CHEMBL381533,344.36,0,3.79,CN(C)C(=O)N1CC(c2cc(F)ccc2F)=C[C@H]1c1cccc(O)c1,8.15
CHEMBL400633,407.54,0,4.22,COC(=O)[C@@H](N)CSC(c1ccccc1)(c1ccccc1)c1ccc(OC)cc1,6.17
CHEMBL232121,362.5,0,3.52,NC(=O)[C@@H](N)CSC(c1ccccc1)(c1ccccc1)c1ccccc1,5.51
CHEMBL377566,386.45,0,3.69,CN(C)C(=O)N1N=C(c2cc(F)ccc2F)C[C@@]1(CCCN)c1ccccc1,8.72
CHEMBL247044,381.5,0,4.18,CC(=O)C1=NN(c2cc(C)ccc2F)C[C@@]1(CCCN(C)C)c1ccccc1,9.7
CHEMBL250125,478.57,0,3.23,CC(=O)C1=NN2c3cc(F)ccc3OC[C@H]2[C@@]1(CCCN1CCN(C(C)=O)CC1)c1ccccc1,8.8
CHEMBL1829408,502.68,2,5.57,CCC(c1nc2ccsc2c(=O)n1Cc1ccccc1)N(CCCN)C(=O)c1ccc(C(C)C)cc1,6.03
CHEMBL1829268,452.62,0,4.33,CCC(c1nc2ccsc2c(=O)n1Cc1ccccc1)N(CCCN)C(=O)C1CCCC1,5.38
CHEMBL206258,356.42,0,3.04,COc1ccc2c(c1OC)CN(C(=O)N(C)C)CC2c1cccc(O)c1,4.89
CHEMBL375929,380.56,0,4.33,CCN(CC)C(=O)c1c(NC(=O)c2cccs2)sc2c1CCSC2,5.48
CHEMBL1078998,327.49,1,5.68,CC(C)(C)c1ccc2c(c1)[C@H]1OCCC[C@H]1[C@H](c1cccs1)N2,7.6
CHEMBL2043417,369.48,1,5.14,NCCSC(Cc1ccccc1)(c1ccc(F)cc1)c1ccc(F)cc1,6.23
CHEMBL1672291,527,1,3.3,CC1=C(C(=O)OC(C)C)C(c2ccc(Cl)cc2)n2c(s/c(=C\c3ccc(OCC(=O)O)cc3)c2=O)=N1,5.34
CHEMBL4242214,482.59,0,4,COc1ccc(/C=C2\SC(NC3=NN(C(C)=O)C(C)(c4ccccc4)S3)=NC2=O)cc1OC,4.22
CHEMBL1828638,474.63,0,4.76,CCC(c1nc2ccsc2c(=O)n1Cc1ccccc1)N(CCCN)C(=O)c1cccc(C)c1,7.05
CHEMBL1829403,528.6,2,5.47,CCC(c1nc2ccsc2c(=O)n1Cc1ccccc1)N(CCCN)C(=O)c1cccc(C(F)(F)F)c1,6.51
CHEMBL1829260,500.67,2,5.16,CCC(c1nc2ccsc2c(=O)n1Cc1ccccc1)N(C(=O)c1ccc(C)cc1)C1CCNCC1,5.97
CHEMBL559207,501.06,0,4.93,CCNCCN1CCN(CCCN2c3ccccc3Sc3ccc(C(F)(F)F)cc32)CC1.Cl,5.18
CHEMBL195274,306.34,0,3.72,CC(=O)N1N=C(c2cc(F)ccc2F)CC1c1cccs1,5.75
CHEMBL399251,363.48,0,4.12,N[C@H](CSC(c1ccccc1)(c1ccccc1)c1ccccc1)C(=O)O,6
CHEMBL228815,300.31,0,3.66,CC(=O)N1N=C(c2cc(F)ccc2F)C[C@H]1c1ccccc1,7.58
CHEMBL206798,374.39,0,3.15,CN(CCO)C(=O)N1CC(c2cc(F)ccc2F)=C[C@H]1c1cccc(O)c1,8.4
CHEMBL208145,237.35,0,3.54,Cc1ccc2c(c1C)CNCC2c1ccccc1,5.08
CHEMBL3087423,536.8,2,6.75,COc1ccc(-c2coc3cc(Oc4c([N+](=O)[O-])cc(C(F)(F)F)c(Cl)c4[N+](=O)[O-])ccc3c2=O)cc1,6.8
CHEMBL207292,379.55,0,4.25,Cc1ccc2c(c1C)CN(C(=O)N(C)CCCN(C)C)CC2c1ccccc1,5.26
CHEMBL205863,308.47,0,3.99,Cc1ccc2c(c1C)CN(CCCCN)CC2c1ccccc1,5.33
CHEMBL1802987,236.2,0,3.73,FC(F)(F)c1ccc2c(c1)[nH]c1ccncc12,7.02
CHEMBL392369,393.51,0,4.13,COc1ccc(C(SC[C@H](N)C(=O)O)(c2ccccc2)c2ccccc2)cc1,6.78
CHEMBL378547,357.4,0,4.68,CC(C)(C)C(=O)N1CC(c2cc(F)ccc2F)=C[C@H]1c1cccc(O)c1,7.89
CHEMBL3087415,488.33,1,5.79,O=c1cc(-c2ccccc2)oc2cc(Oc3c([N+](=O)[O-])cc([N+](=O)[O-])cc3C(F)(F)F)cc(O)c12,6.91
CHEMBL491384,338.43,0,3.41,CC1=C(C(=O)c2ccccc2)[C@H](c2cccc(O)c2)NC(=S)N1C,6.82
CHEMBL51483,518.56,3,6.38,Cc1cc2c(C(C)C)c(O)c(O)c(C=O)c2c(O)c1-c1c(C)cc2c(C(C)C)c(O)c(O)c(C=O)c2c1O,4.6
CHEMBL252141,265.36,0,3.2,CN1Cc2c(ccc3c2CCO3)[C@@H](c2ccccc2)C1,5.01
CHEMBL252140,511.11,1,5.32,CCS(=O)(=O)O.OC1CC2CCC(C1)N2CCCN1c2ccccc2Sc2ccc(Cl)cc21,5.25
CHEMBL195760,298.77,0,4.04,CC(=O)N1N=C(c2ccccc2Cl)CC1c1ccccc1,5.44
CHEMBL381599,280.42,0,3.21,Cc1ccc2c(c1C)CN(CCN)CC2c1ccccc1,5.64
CHEMBL3087429,740.43,3,8.35,O=C1CC(c2ccc(Oc3c([N+](=O)[O-])cc(C(F)(F)F)cc3[N+](=O)[O-])cc2)Oc2cc(Oc3c([N+](=O)[O-])cc(C(F)(F)F)cc3[N+](=O)[O-])cc(O)c21,7.23
CHEMBL389589,334.29,0,3.13,NS(=O)(=O)Nc1ccc(-c2ccc(C(F)(F)F)c(F)c2)cc1,7.7
CHEMBL557683,477.57,0,3.79,NC(=O)c1ccc2c(c1)nc(Nc1ccc(S(N)(=O)=O)cc1)n2Cc1csc2ccccc12,5.68
CHEMBL1084116,361.94,1,6.33,CC(C)(C)c1ccc2c(c1)[C@H]1OCCC[C@H]1[C@H](c1ccc(Cl)s1)N2,6.52
CHEMBL2031569,465.6,0,4.33,COc1ccc(N2C(=O)C(CC(=O)Nc3ccccc3)N(CCc3cccs3)C2=S)cc1,6
CHEMBL1829433,503.67,1,4.71,Cc1ccc(C(=O)N(CCCN)C(c2nc3snc(C)c3c(=O)n2Cc2ccccc2)C(C)C)cc1,6.37
CHEMBL469952,268.21,0,4.32,O=Cc1ccc(-c2ccc(C(F)(F)F)c(F)c2)cc1,5.83
CHEMBL1688921,391.54,0,4.69,CCc1ccc(C(SC[C@H](N)C(=O)O)(c2ccccc2)c2ccccc2)cc1,7.26
CHEMBL1163677,392.33,0,3.82,Cl.NCCCN1CCc2c([nH]c3ccc(Cl)cc23)C1c1cccc(O)c1,6.69
CHEMBL1163584,397.48,0,4.55,Cc1ccc2[nH]c3c(c2c1)CCN(C(=O)c1ccc(N)cc1)C3c1cccc(O)c1,7.3
CHEMBL438436,497.64,0,4.45,CCC(c1nn2cccc2c(=O)n1Cc1ccccc1)N(CC1CCNCC1)C(=O)c1ccc(C)cc1,5.22
CHEMBL1277017,350.38,0,3.48,COc1ccc(NC(=O)C2=C(C)Nc3n[nH]cc3C2c2ccco2)cc1,8.96
CHEMBL3087426,738.42,3,8.42,O=c1c(-c2ccc(Oc3c([N+](=O)[O-])cc(C(F)(F)F)cc3[N+](=O)[O-])cc2)coc2cc(Oc3c([N+](=O)[O-])cc(C(F)(F)F)cc3[N+](=O)[O-])cc(O)c12,7.17
CHEMBL380294,504.03,1,4.45,Cc1ccc(C(=O)N(CCCN)C(c2nn3ccc(Cl)c3c(=O)n2Cc2ccccc2)C2CC2)cc1,7
CHEMBL202788,458.51,0,4.06,CC(C)(C)[C@H](NC(=O)OCCO)C(=O)N1CC(c2cc(F)ccc2F)=C[C@H]1c1ccccc1,8.13
CHEMBL242993,222.21,0,4.37,FC(F)(F)c1ccc(-c2ccccc2)cc1,5.27
CHEMBL1818760,337.42,0,3.8,CC1Nc2ccc(N3CCCCC3)cc2C(=O)N1c1ccc(O)cc1,5.47
CHEMBL1818762,339.4,0,2.65,CC1Nc2ccc(N3CCOCC3)cc2C(=O)N1c1ccc(O)cc1,5.98
CHEMBL1818773,399.49,0,4.63,O=C1c2cc(N3CCCC3)ccc2NC(Cc2ccccc2)N1c1cccc(O)c1,7.31
CHEMBL236694,272.74,0,3.34,CN(C)c1ccc(-c2nc3cc(Cl)cnc3[nH]2)cc1,4.4
CHEMBL1277383,422.85,1,5.35,CC1=C(C(=O)Nc2ccc(F)c(Cl)c2)C(c2ccco2)n2c(nc3ccccc32)N1,6.02
CHEMBL3356912,361.51,0,3.91,CC(C)CC(=O)NC1=NN(C(=O)CC(C)C)C(C)(c2ccccc2)S1,6.28
CHEMBL3319302,468.65,0,2.83,CC(C)(C)C(=O)NC1=NN(C(=O)C(C)(C)C)C(CCNS(C)(=O)=O)(c2ccccc2)S1,6.92
CHEMBL1163678,378.3,0,3.43,Cl.NCCN1CCc2c([nH]c3ccc(Cl)cc23)C1c1cccc(O)c1,8.15
CHEMBL1163163,357.89,0,3.09,Cc1ccc2[nH]c3c(c2c1)CCN(CCN)C3c1cccc(O)c1.Cl,6.62
CHEMBL1096347,321.46,1,5.62,CC(C)(C)c1ccc2c(c1)[C@H]1OCCC[C@H]1C(c1ccccc1)N2,6.52
CHEMBL1163890,312.8,0,4.1,CN1CCc2c([nH]c3ccc(Cl)cc23)C1c1cccc(O)c1,6.18
CHEMBL1164257,378.43,0,3.3,CCOC(=O)C1Cc2c([nH]c3ccccc23)C(c2cccc(O)c2)N1C(C)=O,6.14
CHEMBL1163742,292.38,0,3.76,Cc1ccc2[nH]c3c(c2c1)CCN(C)C3c1cccc(O)c1,6.33
CHEMBL1164476,417.9,0,4.9,Nc1ccc(C(=O)N2CCc3c([nH]c4ccc(Cl)cc34)C2c2cccc(O)c2)cc1,7.12
CHEMBL1165484,406.48,0,3.94,CCOC(=O)C1Cc2c([nH]c3ccccc23)C(c2cccc(O)c2)N1C(=O)C(C)C,6.42
CHEMBL2043406,349.5,0,4.57,NCCSC(Cc1ccccc1)(c1ccccc1)c1cccc(O)c1,6.59
CHEMBL1829258,488.66,1,5.15,CCC(c1nc2ccsc2c(=O)n1Cc1ccccc1)N(CCCCN)C(=O)c1ccc(C)cc1,6.41
CHEMBL1829398,495.05,1,5.1,CCC(c1nc2ccsc2c(=O)n1Cc1ccccc1)N(CCCN)C(=O)c1ccccc1Cl,6.21
CHEMBL395487,331.32,0,2.57,Nc1cc(-c2ccc(NS(N)(=O)=O)cc2)ccc1C(F)(F)F,6.78
CHEMBL243906,379.38,0,3.02,CS(=O)(=O)Nc1ccc(-c2ccc(S(=O)(=O)C(F)(F)F)cc2)cc1,6.75
CHEMBL243431,331.32,0,2.57,Nc1cc(-c2ccc(C(F)(F)F)cc2)ccc1NS(N)(=O)=O,7.62
CHEMBL244078,330.33,0,3.01,CN(c1ccc(-c2ccc(C(F)(F)F)cc2)cc1)S(N)(=O)=O,5.85
CHEMBL395332,385.46,0,3.98,CN(C)C(=O)N1CC(c2cc(F)ccc2F)=C[C@@]1(CCCN)c1ccccc1,7.64
CHEMBL370498,333.22,0,4.69,CC(=O)N1N=C(c2ccc(Cl)cc2Cl)CC1c1ccccc1,4.42
CHEMBL370956,356.85,0,4.77,CC(C)(C)C(=O)N1N=C(c2ccccc2Cl)CC1c1cccc(O)c1,6.34
CHEMBL210168,512.44,1,4.79,CCC(c1nn2ccc(Cl)c2c(=O)n1Cc1ccccc1)N(CCCN)C(=O)c1ccc(Cl)cc1,6.72
CHEMBL194980,316.38,0,4.46,CC(=S)N1N=C(c2cc(F)ccc2F)CC1c1ccccc1,6.6
CHEMBL364452,314.77,0,3.74,CC(=O)N1N=C(c2ccccc2Cl)CC1c1cccc(O)c1,6.35
CHEMBL242357,330.33,0,3.3,Cc1cc(-c2ccc(C(F)(F)F)cc2)ccc1NS(N)(=O)=O,6.85
CHEMBL195274,306.34,0,3.72,CC(=O)N1N=C(c2cc(F)ccc2F)CC1c1cccs1,5.75
CHEMBL365553,336.36,0,3.08,CS(=O)(=O)N1N=C(c2cc(F)ccc2F)CC1c1ccccc1,5.75
CHEMBL3319301,454.62,0,2.44,CC(C)(C)C(=O)NC1=NN(C(=O)C(C)(C)C)C(CNS(C)(=O)=O)(c2ccccc2)S1,7.36
CHEMBL3319304,454.62,0,2.44,CC(C)C(=O)N1N=C(NC(=O)C(C)(C)C)SC1(CCNS(C)(=O)=O)c1ccccc1,6.96
CHEMBL2347653,389.41,0,3.61,O=C(c1ccc(O)cc1)N1CCc2cc3c(cc2C1c1cccc(O)c1)OCO3,7.4
CHEMBL491384,338.43,0,3.41,CC1=C(C(=O)c2ccccc2)[C@H](c2cccc(O)c2)NC(=S)N1C,6.28
CHEMBL2347651,613.18,2,5.59,CS(=O)(=O)O.Cc1ccc(C(=O)N(CCCN)[C@@H](c2nc3cc(Cl)ccc3c(=O)n2Cc2ccccc2)C(C)C)cc1,8.92
CHEMBL228962,348.54,0,4.78,CCN(CC)C(=O)c1c(NCc2cccs2)sc2c1CCCC2,4.7
CHEMBL194147,342.83,0,4.38,CC(C)C(=O)N1N=C(c2ccccc2Cl)CC1c1cccc(O)c1,5.96
CHEMBL207993,490.6,1,5.96,CCNC(=O)N1N=C(c2cc(F)ccc2F)CC1(CCCCNCc1ccccc1)c1ccccc1,7
CHEMBL468499,282.24,0,4.71,CC(=O)c1ccc(-c2ccc(C(F)(F)F)c(F)c2)cc1,5.15
CHEMBL589394,363.46,0,3.31,COc1cccc(C2c3[nH]c4ccc(C)cc4c3CCN2C(=O)CCN)c1,4.96
CHEMBL3288970,282.22,0,4.36,O=[N+]([O-])c1ccc(Nc2cccc(C(F)(F)F)c2)cc1,5.5
CHEMBL3288983,294.4,0,4.61,CC(C)(C)c1cccc(Nc2ccc3c(c2)CCC(=O)N3)c1,6.8
CHEMBL365108,300.31,0,3.66,CC(=O)N1N=C(c2cc(F)ccc2F)CC1c1ccccc1,7.03
CHEMBL558476,459.4,1,5.69,COc1ccc(Nc2nc3cc(C(=O)O)ccc3n2Cc2ccccc2C(F)(F)F)cc1F,6.34
CHEMBL210067,492.02,0,4.45,CCC(c1nn2cc(Cl)cc2c(=O)n1Cc1ccccc1)N(CCCN)C(=O)c1ccc(C)cc1,6.48
CHEMBL3288981,266.34,0,3.88,CCc1cccc(Nc2ccc3c(c2)CCC(=O)N3)c1,6.09
CHEMBL196329,316.31,0,3.37,CC(=O)N1N=C(c2cc(F)ccc2F)CC1c1cccc(O)c1,7.29
CHEMBL244329,378.3,0,2.98,NS(=O)(=O)Nc1ccc(-c2ccc3c(c2)C(F)(F)OC(F)(F)O3)cc1,6.5
CHEMBL242180,292.32,0,1.7,NS(=O)(=O)Nc1ccc(-c2ccc3c(c2)OCO3)cc1,5.12
CHEMBL244126,268.36,0,4.14,CC(C)(C)c1ccc(-c2ccc(NC(N)=O)cc2)cc1,7.27
CHEMBL396772,345.35,0,3.03,CNc1cc(-c2ccc(C(F)(F)F)cc2)ccc1NS(N)(=O)=O,5.84
CHEMBL244933,315.32,0,3.74,CS(=O)(=O)Nc1ccc(-c2ccc(C(F)(F)F)cc2)cc1,6.79
CHEMBL388097,376.55,0,4.81,CCN(CC)C(=O)c1c(NC(=O)c2cccs2)sc2c1CCCCC2,5.39
CHEMBL1803021,318.3,0,4.61,O=C1CCCc2c(ccc3c2[nH]c2cc(C(F)(F)F)ccc23)N1,7.24
CHEMBL252340,389.46,0,3.95,CCCCN1C(=O)[C@@H]2Cc3c([nH]c4ccccc34)[C@@H](c3cccc(O)c3)N2C1=O,6.1
CHEMBL390721,390.57,1,5.06,CCN(CC)C(=O)c1c(NC(=O)c2cccs2)sc2c1CC(C)(C)CC2,5.51
CHEMBL388313,376.55,0,4.67,CCN(CC)C(=O)c1c(NC(=O)c2cccs2)sc2c1CC(C)CC2,6.32
CHEMBL389444,346.45,0,3.95,CCN(CC)C(=O)c1c(NC(=O)c2ccco2)sc2c1CCCC2,4.64
CHEMBL1818755,410.52,1,5.48,O=c1c(Cc2ccccc2)c(-c2cccc(O)c2)[nH]c2ccc(N3CCCCC3)cc12,7.7
CHEMBL3633364,389.52,0,4.22,N[C@@H](CSC1(c2ccccc2)c2ccccc2CCc2ccccc21)C(=O)O,6.68
CHEMBL3633538,463.6,1,6.27,N[C@@H](CSC1(c2ccc(-c3ccccc3)cc2)c2ccccc2C=Cc2ccccc21)C(=O)O,5.85
CHEMBL1688927,419.59,1,5.47,CCCCc1ccc(C(SC[C@H](N)C(=O)O)(c2ccccc2)c2ccccc2)cc1,7.03
CHEMBL1688920,409.58,0,4.85,CSc1ccc(C(SC[C@H](N)C(=O)O)(c2ccccc2)c2ccccc2)cc1,7.66
CHEMBL1688928,489.38,0,4.73,N[C@@H](CSC(c1ccccc1)(c1ccccc1)c1ccc(I)cc1)C(=O)O,7.71
CHEMBL364452,314.77,0,3.74,CC(=O)N1N=C(c2ccccc2Cl)CC1c1cccc(O)c1,6.35
CHEMBL228328,390.57,1,5.06,CCC1CCc2c(sc(NC(=O)c3cccs3)c2C(=O)N(CC)CC)C1,4.16
CHEMBL235974,352.41,0,0.74,CC1=C(C(=O)OCCOCCO)C(c2cccc(O)c2)NC(=S)N1,5.02
CHEMBL394879,420.5,0,1.64,CC1=C(C(=O)NCCOCCOCCN=[N+]=[N-])C(c2cccc(O)c2)NC(=S)N1,4.41
CHEMBL195436,282.32,0,3.52,CC(=O)N1N=C(c2ccccc2F)CC1c1ccccc1,5.44
CHEMBL394880,302.4,0,2.55,CC1(C)CC(=O)C2=C(C1)NC(=S)NC2c1cccc(O)c1,6.7
CHEMBL1818674,333.44,0,3.26,Cc1c(-c2ccccc2)[nH]c2ccc(N3CCN(C)CC3)cc2c1=O,7.29
CHEMBL469516,247.22,0,4.24,N#Cc1ccc(-c2ccc(C(F)(F)F)cc2)cc1,5.26
CHEMBL426141,738.92,2,7.88,CC1(C)CCC[C@]2(C)O[C@H]3CC[C@@]4(C)[C@@H](CC[C@]5(C)[C@@H]4CC[C@]4(C)c6c(OS(=O)(=O)[O-])ccc(OS(=O)(=O)[O-])c6C[C@@H]54)[C@]3(C)CC[C@@H]12.[Na+].[Na+],5.14
CHEMBL564451,481.53,0,2.59,COc1cccc(Cn2c(Nc3ccc(S(N)(=O)=O)cc3)nc3cc(C(N)=O)ccc32)c1OC,5.3
CHEMBL563643,489.48,0,3.59,NC(=O)c1ccc2c(c1)nc(Nc1ccc(S(N)(=O)=O)cc1)n2Cc1ccccc1C(F)(F)F,5.13
CHEMBL552152,458.42,1,5.09,COc1ccc(Nc2nc3cc(C(N)=O)ccc3n2Cc2ccccc2C(F)(F)F)cc1F,5.89
CHEMBL564181,454.45,1,5.22,CNC(=O)c1ccc2c(c1)nc(Nc1ccc(OC)cc1)n2Cc1ccccc1C(F)(F)F,5.28
CHEMBL559627,517.53,1,4.2,CN(C)C(=O)c1ccc2c(c1)nc(Nc1ccc(S(N)(=O)=O)cc1)n2Cc1ccccc1C(F)(F)F,4.79
CHEMBL1213887,292.36,0,1.75,CCOC(=O)C1=C(C)NC(=S)N[C@@H]1c1cccc(O)c1,4.52
CHEMBL4283764,277.35,0,1.86,CC(=O)NC1=NN(C(C)=O)[C@](C)(c2ccccc2)S1,6.31
CHEMBL2347655,420.49,0,3.88,CON(C)C(=O)N1N=C(c2cc(F)ccc2F)S[C@@]1(CCCN)c1ccccc1,7.75
CHEMBL1083836,348.49,0,4.79,CNC[C@H]1CC[C@@H]2[C@H](O1)c1cc(C3CC3)ccc1N[C@H]2c1ccccc1,7.96
CHEMBL1078690,337.46,1,5.32,CC(C)(C)c1ccc2c(c1)[C@H]1OCCC[C@H]1[C@H](c1cccc(O)c1)N2,7.4
CHEMBL1096002,390.89,0,4.06,OCCNC[C@H]1CC[C@@H]2[C@H](O1)c1cc(Cl)cc(F)c1N[C@H]2c1ccccc1,8.15
CHEMBL374825,336.48,0,4.16,CCN(CC)C(=O)c1c(NC(=O)c2cccs2)sc(C)c1C,4.64
CHEMBL397171,291.38,0,1.32,CCNC(=O)C1=C(C)NC(=S)NC1c1cccc(O)c1,4.64
CHEMBL397799,264.31,0,1.27,CC1=C(C(=O)O)C(c2cccc(O)c2)NC(=S)N1,4.5
CHEMBL236179,410.52,0,2.02,CC(=O)SCCOCCOC(=O)C1=C(C)NC(=S)NC1c1cccc(O)c1,4.94
CHEMBL240471,314.37,0,2.66,CC1=C(C(=O)c2ccco2)C(c2cccc(O)c2)NC(=S)N1,5.52
CHEMBL394879,420.5,0,1.64,CC1=C(C(=O)NCCOCCOCCN=[N+]=[N-])C(c2cccc(O)c2)NC(=S)N1,4.16
CHEMBL1803018,293.25,0,3.83,NC(=O)Nc1ccc2[nH]c3cc(C(F)(F)F)ccc3c2c1,6.92
CHEMBL1829424,474.63,0,4.76,CCC(c1nc2sccc2c(=O)n1Cc1ccccc1)N(CCCN)C(=O)c1ccc(C)cc1,8.52
CHEMBL1829431,473.58,0,3.99,CCC(c1nc2onc(C)c2c(=O)n1Cc1ccccc1)N(CCCN)C(=O)c1ccc(C)cc1,7.8
CHEMBL241754,357.4,0,3.56,CC(=O)N1N=C(c2cc(F)ccc2F)C[C@@]1(CCCN)c1ccccc1,9.05
CHEMBL392695,363.48,0,4.12,N[C@@H](CSC(c1ccccc1)(c1ccccc1)c1ccccc1)C(=O)O,5.75
CHEMBL401844,797.79,2,8.74,O=C(O)c1cc2c(cc1S(=O)(=O)O)C1C(C3C2C2(Cl)C(Cl)=C(Cl)C3(Cl)C2(Cl)Cl)C2(Cl)C(Cl)=C(Cl)C1(Cl)C2(Cl)Cl,4.66
CHEMBL236181,368.48,0,1.67,CC1=C(C(=O)OCCOCCS)C(c2cccc(O)c2)NC(=S)N1,5.26
CHEMBL194076,278.36,0,3.69,CC(=O)N1N=C(c2ccccc2C)CC1c1ccccc1,4.33
CHEMBL207973,265.4,0,4.27,CCN1Cc2c(ccc(C)c2C)C(c2ccccc2)C1,4.6
CHEMBL564468,457.48,1,6.27,CSc1ccc(Nc2nc3cc(C(=O)O)ccc3n2Cc2ccccc2C(F)(F)F)cc1,5.85
CHEMBL551230,455.44,1,5.64,COC(=O)c1ccc2c(c1)nc(Nc1ccc(OC)cc1)n2Cc1ccccc1C(F)(F)F,4.87
CHEMBL1829416,475.62,0,4.15,CCC(c1nc2ccsc2c(=O)n1Cc1ccccc1)N(CCCN)C(=O)c1ccc(C)nc1,6.01
CHEMBL1829405,474.63,0,4.76,CCC(c1nc2ccsc2c(=O)n1Cc1ccccc1)N(CCCN)C(=O)c1ccccc1C,5.97
CHEMBL1829404,544.6,2,5.35,CCC(c1nc2ccsc2c(=O)n1Cc1ccccc1)N(CCCN)C(=O)c1ccc(OC(F)(F)F)cc1,5.61
CHEMBL1829419,512.64,1,4.39,CCC(c1nc2ccsc2c(=O)n1Cc1ccccc1)N(CCCN)C(=O)c1ccc2nccnc2c1,5.49
CHEMBL2043405,367.95,1,5.52,NCCSC(Cc1ccccc1)(c1ccccc1)c1cccc(Cl)c1,6.29
CHEMBL2043391,411.95,0,4.97,N[C@@H](CSC(Cc1cccc(Cl)c1)(c1ccccc1)c1ccccc1)C(=O)O,6.62
CHEMBL2043388,333.5,0,4.86,NCCSC(Cc1ccccc1)(c1ccccc1)c1ccccc1,6.17
CHEMBL1088740,279.38,0,4.63,Cc1ccc2c(c1)[C@H]1OCCC[C@H]1[C@H](c1ccccc1)N2,6.38
CHEMBL1078692,353.46,1,5.03,CC(C)(C)c1ccc2c(c1)[C@H]1OCCC[C@H]1[C@H](c1ccc(O)c(O)c1)N2,7.02
CHEMBL1077357,339.45,1,5.76,CC(C)(C)c1ccc2c(c1)[C@H]1OCCC[C@H]1[C@H](c1cccc(F)c1)N2,6.46
CHEMBL1084676,477.53,0,5,CN(C)CCOC(=O)NC[C@H]1CC[C@@H]2[C@H](O1)c1cc(C(F)(F)F)ccc1N[C@H]2c1ccccc1,7.85
CHEMBL1084431,523.6,2,6.12,Cc1ccc(C(=O)N(CCN)C[C@H]2CC[C@@H]3[C@H](O2)c2cc(C(F)(F)F)ccc2N[C@H]3c2ccccc2)cc1,7.19
CHEMBL1093088,414.43,1,5,FC(F)(F)c1ccc2c(c1)[C@H]1O[C@@H](Cn3cncn3)CC[C@H]1[C@H](c1ccccc1)N2,8.22
CHEMBL1077227,370.56,1,5.27,CNC[C@H]1CC[C@@H]2[C@H](O1)c1cc(C(C)(C)C)ccc1N[C@H]2c1cccs1,8.3
CHEMBL4756522,585.64,2,5.68,N[C@@H](CCC(=O)C[C@@H](CSC1(c2ccc(C(F)(F)F)cc2)c2ccccc2CCc2ccccc21)C(=O)O)C(=O)O,6.62
CHEMBL1829430,489.65,0,4.46,CCC(c1nc2snc(C)c2c(=O)n1Cc1ccccc1)N(CCCN)C(=O)c1ccc(C)cc1,7.29
CHEMBL1829427,587.97,2,6.17,CCC(c1nc2sc(Cl)c(Br)c2c(=O)n1Cc1ccccc1)N(CCCN)C(=O)c1ccc(C)cc1,6.79
CHEMBL1829259,516.67,1,4.4,CCC(c1nc2ccsc2c(=O)n1Cc1ccccc1)N(CC1CNCCO1)C(=O)c1ccc(C)cc1,6.51
CHEMBL1829252,438.6,0,4.12,CCC(c1nc2ccsc2c(=O)n1CC1CC1)N(CCCN)C(=O)c1ccc(C)cc1,6.12
CHEMBL1829430,489.65,0,4.46,CCC(c1nc2snc(C)c2c(=O)n1Cc1ccccc1)N(CCCN)C(=O)c1ccc(C)cc1,8.52
CHEMBL1164547,378.43,0,3.6,CCCC(=O)N1C(C(=O)O)Cc2c([nH]c3ccccc23)C1c1cccc(O)c1,5.46
CHEMBL1164258,392.46,0,3.69,CCOC(=O)C1Cc2c([nH]c3ccccc23)C(c2cccc(O)c2)N1C(=O)CC,7.12
CHEMBL1818763,307.4,0,3.71,CC1Nc2ccc(N3CCCC3)cc2C(=O)N1c1ccccc1,6.77
CHEMBL1818772,383.5,0,4.93,O=C1c2cc(N3CCCC3)ccc2NC(Cc2ccccc2)N1c1ccccc1,7.14
CHEMBL1818774,399.49,0,4.63,O=C1c2cc(N3CCCC3)ccc2NC(Cc2ccccc2)N1c1ccc(O)cc1,7.6
CHEMBL2043418,402.39,1,6.17,NCCSC(Cc1ccccc1)(c1ccc(Cl)cc1)c1ccc(Cl)cc1,6.39
CHEMBL2043408,367.95,1,5.52,NCCSC(Cc1ccccc1)(c1ccccc1)c1ccc(Cl)cc1,6.85
CHEMBL254434,639.57,2,10.05,Oc1cccc(C(c2cc(Cl)c(O)c(Cl)c2)C(c2cc(Cl)c(O)c(Cl)c2)c2cc(Cl)c(O)c(Cl)c2)c1Cl,4.57
CHEMBL382587,371.43,0,3.81,CN(CCCN)C(=O)N1CC(c2cc(F)ccc2F)=C[C@H]1c1ccccc1,7.8
CHEMBL249883,292.34,0,3,CC(=O)C1=NN2c3ccccc3OC[C@H]2[C@H]1c1ccccc1,6.1
CHEMBL392148,385.46,0,4.16,CC(=O)N1N=C(c2cc(F)ccc2F)C[C@@]1(CCCN(C)C)c1ccccc1,8.85
CHEMBL2043389,391.54,0,4.71,N[C@@H](CSC(CCc1ccccc1)(c1ccccc1)c1ccccc1)C(=O)O,4.8
CHEMBL2043387,377.51,0,4.32,N[C@@H](CSC(Cc1ccccc1)(c1ccccc1)c1ccccc1)C(=O)O,6.86
CHEMBL2043415,405.56,0,4.93,Cc1ccc(C(Cc2ccccc2)(SC[C@H](N)C(=O)O)c2ccc(C)cc2)cc1,6.97
CHEMBL2043409,347.53,1,5.17,Cc1ccc(C(Cc2ccccc2)(SCCN)c2ccccc2)cc1,6.76
CHEMBL3087419,807.31,3,9.73,O=c1cc(-c2ccc(Oc3c([N+](=O)[O-])cc(C(F)(F)F)c(Cl)c3[N+](=O)[O-])cc2)oc2cc(Oc3c([N+](=O)[O-])cc(C(F)(F)F)c(Cl)c3[N+](=O)[O-])cc(O)c12,7.64
CHEMBL214404,457.58,0,3.8,CCC(c1nn2cccc2c(=O)n1Cc1ccccc1)N(CCCN)C(=O)c1ccc(C)cc1,7.1
CHEMBL3087416,522.78,2,6.45,O=c1cc(-c2ccccc2)oc2cc(Oc3c([N+](=O)[O-])cc(C(F)(F)F)c(Cl)c3[N+](=O)[O-])cc(O)c12,6.91
CHEMBL2347655,420.49,0,3.88,CON(C)C(=O)N1N=C(c2cc(F)ccc2F)S[C@@]1(CCCN)c1ccccc1,8.22
CHEMBL1373238,278.34,0,1.26,CC(=O)NC1=NN(C(C)=O)C(C)(c2cccnc2)S1,5.07
CHEMBL3319303,440.59,0,2.2,CCC(=O)N1N=C(NC(=O)C(C)(C)C)SC1(CCNS(C)(=O)=O)c1ccccc1,6.96
CHEMBL239415,427.5,0,3.93,CC(=O)N1N=C(c2cc(F)ccc2F)C[C@@]1(CCCN1CCOCC1)c1ccccc1,8.74
CHEMBL240689,394.5,0,0.29,CC1=C(C(=O)NCCOCCOCCN)C(c2cccc(O)c2)NC(=S)N1,5.41
CHEMBL381526,372.42,0,3.62,CC(C)[C@H](N)C(=O)N1CC(c2cc(F)ccc2F)=C[C@H]1c1cccc(O)c1,8.92
CHEMBL2043410,349.5,0,4.57,NCCSC(Cc1ccccc1)(c1ccccc1)c1ccc(O)cc1,6.18
CHEMBL2347655,420.49,0,3.88,CON(C)C(=O)N1N=C(c2cc(F)ccc2F)S[C@@]1(CCCN)c1ccccc1,8.22
CHEMBL394880,302.4,0,2.55,CC1(C)CC(=O)C2=C(C1)NC(=S)NC2c1cccc(O)c1,6.7
CHEMBL4240281,467.53,0,3.89,CC(=O)N1N=C(NC2=NC(=O)/C(=C/c3ccc([N+](=O)[O-])cc3)S2)SC1(C)c1ccccc1,4.7
CHEMBL1818750,336.39,0,3.05,Cc1c(-c2cccc(O)c2)[nH]c2ccc(N3CCOCC3)cc2c1=O,5.84
CHEMBL1818768,413.52,1,5.02,O=C1c2cc(N3CCCCC3)ccc2NC(Cc2ccccc2)N1c1ccc(O)cc1,7.96
CHEMBL236789,292.36,0,1.75,CCOC(=O)C1=C(C)NC(=S)NC1c1cccc(O)c1,5.13
CHEMBL4288387,283.4,0,2.29,CC(=O)NC1=NN(C(C)=O)C(C)(C2CCCCC2)S1,5.12
CHEMBL3735499,335.39,0,1.79,CC(=O)NC1=NN(C(C)=O)C(C)(c2ccc(OC(C)=O)cc2)S1,5.29
CHEMBL2325429,517.07,2,6.53,Cc1ccc(C(=O)N(CCCN)[C@@H](c2oc3cc(Cl)ccc3c(=O)c2Cc2ccccc2)C(C)C)cc1,6.32
CHEMBL1818748,334.42,0,4.2,Cc1c(-c2ccc(O)cc2)[nH]c2ccc(N3CCCCC3)cc2c1=O,5.71
CHEMBL1818749,320.39,0,3.34,Cc1c(-c2ccccc2)[nH]c2ccc(N3CCOCC3)cc2c1=O,5.63
CHEMBL1213954,274.34,0,1.92,O=C1CCCC2=C1[C@H](c1cccc(O)c1)NC(=S)N2,5.7
CHEMBL3680853,533.66,2,5.66,C[C@H](O)C(=O)N(CC[C@H](N)CF)[C@H](c1nc(-c2cc(F)ccc2F)sc1Cc1ccccc1)C(C)(C)C,6.67
CHEMBL1413473,277.35,0,1.86,CC(=O)NC1=NN(C(C)=O)C(C)(c2ccccc2)S1,6.13
CHEMBL4243138,452.56,0,3.99,COc1cccc(/C=C2\SC(NC3=NN(C(C)=O)C(C)(c4ccccc4)S3)=NC2=O)c1,4.29
CHEMBL4089675,389.46,0,3.95,CCCCN1C(=O)[C@H]2Cc3c([nH]c4ccccc34)[C@@H](c3cccc(O)c3)N2C1=O,6.1
CHEMBL3633533,403.55,0,4.53,Cc1ccccc1C1(SC[C@H](N)C(=O)O)c2ccccc2CCc2ccccc21,5.11
CHEMBL3633531,457.52,1,5.24,N[C@@H](CSC1(c2cccc(C(F)(F)F)c2)c2ccccc2CCc2ccccc21)C(=O)O,6.62
CHEMBL392695,363.48,0,4.12,N[C@@H](CSC(c1ccccc1)(c1ccccc1)c1ccccc1)C(=O)O,5.72
CHEMBL3883765,435.61,1,5.31,CC(C)(O)[C@@H]1CC(=O)[C@]2(C)[C@H](CC[C@@]3(C)[C@H]2CC[C@H]2Cc4c([nH]c5ccccc45)[C@@]23C)O1,4.78
CHEMBL1413473,277.35,0,1.86,CC(=O)NC1=NN(C(C)=O)C(C)(c2ccccc2)S1,5.89
CHEMBL4246993,465.6,0,4.05,CC(=O)N1N=C(NC2=NC(=O)/C(=C/c3ccc(N(C)C)cc3)S2)SC1(C)c1ccccc1,4.05
CHEMBL4248454,501.43,1,4.75,CC(=O)N1N=C(NC2=NC(=O)/C(=C/c3ccc(Br)cc3)S2)SC1(C)c1ccccc1,4.41
CHEMBL4243218,452.56,0,3.99,COc1ccc(/C=C2\SC(NC3=NN(C(C)=O)C(C)(c4ccccc4)S3)=NC2=O)cc1,4.37
CHEMBL4166354,447.51,0,3.57,CC(=O)Nc1ncnc(N2CCCC(NC(=O)Cc3cccc(F)c3)C2)c1-c1ccccc1,4.94
CHEMBL4176343,483.49,0,4.52,CC(=O)Nc1ncnc(N2CCCC(NC(=O)c3cccc(C(F)(F)F)c3)C2)c1-c1ccccc1,5.31
CHEMBL2325429,517.07,2,6.53,Cc1ccc(C(=O)N(CCCN)[C@@H](c2oc3cc(Cl)ccc3c(=O)c2Cc2ccccc2)C(C)C)cc1,9.85
CHEMBL1213953,338.43,0,3.41,CC1=C(C(=O)c2ccccc2)C(c2cccc(O)c2)NC(=S)N1C,7
CHEMBL3645252,563.6,1,3.64,COC(C)(C)[C@H](c1nc(-c2cc(F)ccc2F)nn1Cc1cccc(F)c1)N(C[C@@H]1CNC[C@@H]1F)C(=O)[C@H](C)O,9.06
CHEMBL3895911,327.31,0,3.83,FC(F)(F)c1ccc(-c2ccc(-c3cn4ccc[n+]4[n-]3)cc2)cc1,5.17
CHEMBL3645251,559.63,1,4.43,COC(C)(C)[C@H](c1nc(-c2cc(F)ccc2F)nn1Cc1ccccc1)N(CC[C@H](N)CF)C(=O)[C@@H]1CCCO1,8.85
CHEMBL4239814,381.5,0,4.18,CC(=O)C1=NN(c2cc(C)ccc2F)C[C@]1(CCCN(C)C)c1ccccc1,9.7
CHEMBL4243604,448.57,0,4.54,CC(=O)N1N=C(NC2=NC(=O)/C(=C/C=C/c3ccccc3)S2)SC1(C)c1ccccc1,4.12
CHEMBL4247682,422.54,0,3.99,CC(=O)N1N=C(NC2=NC(=O)/C(=C/c3ccccc3)S2)SC1(C)c1ccccc1,4.21
CHEMBL394880,302.4,0,2.55,CC1(C)CC(=O)C2=C(C1)NC(=S)NC2c1cccc(O)c1,6.7
CHEMBL3288994,307.27,0,3.73,O=C1CCc2cc(Nc3cc(C(F)(F)F)ccn3)ccc2N1,7.17
CHEMBL3288997,304.27,0,4.29,O=c1ccc2ccc(Nc3cccc(C(F)(F)F)c3)cc2[nH]1,5.34
CHEMBL3289005,322.36,1,5.13,FC(F)(F)c1cccc(Nc2ccc3c(c2)CCC(=S)N3)c1,6.72
CHEMBL3289010,321.3,0,4.12,O=C1CCCc2cc(Nc3cc(C(F)(F)F)ccn3)ccc2N1,7.3
CHEMBL1173704,235.21,0,4.34,FC(F)(F)c1ccc2c(c1)[nH]c1ccccc12,6.68
CHEMBL3288972,295.26,0,3.94,NC(=O)Nc1ccc(Nc2cccc(C(F)(F)F)c2)cc1,6.41
CHEMBL3289006,320.31,0,4.72,O=C1CCCc2cc(Nc3cccc(C(F)(F)F)c3)ccc2N1,7.3
CHEMBL3289008,324.28,0,4.47,O=C1CCc2cc(Nc3cccc(C(F)(F)F)c3)c(F)cc2N1,6.04
CHEMBL3288966,250.22,0,3.92,Nc1ccc2[nH]c3cc(C(F)(F)F)ccc3c2c1,6.26
CHEMBL3288990,283.29,0,3.22,O=C1CCc2cc(Nc3cccc([N+](=O)[O-])c3)ccc2N1,6.36
CHEMBL4758507,567.72,2,5.76,NC(CSC1(c2ccc(C(F)(F)F)cc2)c2ccccc2CCc2ccccc21)C(=O)NCCN1CCCCC1,6.84
CHEMBL236789,292.36,0,1.75,CCOC(=O)C1=C(C)NC(=S)NC1c1cccc(O)c1,4.7
CHEMBL4246224,436.56,0,4.29,CC(=O)N1N=C(NC2=NC(=O)/C(=C/c3ccc(C)cc3)S2)SC1(C)c1ccccc1,4.2
CHEMBL3680850,517.59,2,5.19,C[C@H](O)C(=O)N(CC[C@H](N)CF)[C@@H](c1nc(-c2cc(F)ccc2F)oc1Cc1ccccc1)C(C)(C)C,8.6
CHEMBL3633536,401.53,0,4.92,Cc1ccc(C2(SC[C@H](N)C(=O)O)c3ccccc3C=Cc3ccccc32)cc1,7.85
CHEMBL3633537,421.95,1,5.26,N[C@@H](CSC1(c2ccc(Cl)cc2)c2ccccc2C=Cc2ccccc21)C(=O)O,7.92
CHEMBL3633540,459.49,1,5.03,N[C@@H](CSC1(c2ccc(C(F)(F)F)cc2)c2ccccc2COc2ccccc21)C(=O)O,7.12
CHEMBL3633532,423.97,0,4.88,N[C@@H](CSC1(c2cccc(Cl)c2)c2ccccc2CCc2ccccc21)C(=O)O,6.8
CHEMBL4283187,327.41,0,3.01,CC(=O)NC1=NN(C(C)=O)C(C)(c2cccc3ccccc23)S1,5.72
CHEMBL1413473,277.35,0,1.86,CC(=O)NC1=NN(C(C)=O)C(C)(c2ccccc2)S1,5.89
CHEMBL2347650,437.62,1,5.1,CC(C)(O)[C@@H]1C[C@@H](O)[C@]2(C)[C@H](CC[C@@]3(C)[C@H]2CC[C@H]2Cc4c([nH]c5ccccc45)[C@@]23C)O1,4.46
CHEMBL4754888,587.71,1,4.26,NCCOCCOCCNC(=O)C(N)CSC1(c2ccc(C(F)(F)F)cc2)c2ccccc2CCc2ccccc21,7.38
CHEMBL2347649,423.47,0,4.35,O=C1[C@@H]2Cc3c([nH]c4ccccc34)[C@@H](c3cccc(O)c3)N2C(=O)N1Cc1ccccc1,6.19
CHEMBL3289009,325.31,0,3.89,O=C1CSc2cc(Nc3cc(C(F)(F)F)ccn3)ccc2N1,7.46
CHEMBL5270699,449.54,1,6.31,Cc1ccc(-n2c(-c3cc4c([nH]c5ccccc54)c(-c4cccc(O)c4)n3)n[nH]c2=S)cc1,5.05
CHEMBL4750317,546.66,2,6.47,NC(CSC1(c2ccc(C(F)(F)F)cc2)c2ccccc2CCc2ccccc21)C(=O)NCc1ccccc1,6.45
CHEMBL4791487,500.59,1,4.26,NC(CSC1(c2ccc(C(F)(F)F)cc2)c2ccccc2CCc2ccccc21)C(=O)NCCO,7.1
CHEMBL5272233,532.42,2,5.48,O=C(NNC(=S)Nc1ccc(Br)cc1)c1cc2c([nH]c3ccccc32)c(-c2cccc(O)c2)n1,4.87
CHEMBL252340,389.46,0,3.95,CCCCN1C(=O)[C@@H]2Cc3c([nH]c4ccccc34)[C@@H](c3cccc(O)c3)N2C1=O,6.1
CHEMBL252340,389.46,0,3.95,CCCCN1C(=O)[C@@H]2Cc3c([nH]c4ccccc34)[C@@H](c3cccc(O)c3)N2C1=O,5.37
CHEMBL5279607,374.43,0,4.86,CSc1nnc(-c2cc3c([nH]c4ccccc43)c(-c3cccc(O)c3)n2)o1,5.06
